"prd_name","prd_series","factory","unit","process","qty_wip_detail","ro_seq","std_day"
RGP-096L-0D,RGP,A1,QA,QA,50760,"131",1
RGP-096L-0D,RGP,A1,FIN,FIN,24516,"129",1
RGP-096L-0D,RGP,A1,FIN,FBLK,16632,"128",1
RGP-096L-0D,RGP,A1,FIN,FQCR,33696,"120",2
RGP-096L-0D,RGP,A1,FIN,FSTB,33696,"119",2
RGP-096L-0D,RGP,A1,FIN,FVIC,16848,"115",2
RGP-096L-0D,RGP,A1,FIN,FSCAN,16848,"114",3
RGP-096L-0D,RGP,A1,FIN,FLAB,33696,"113",3
RGP-096L-0D,RGP,A1,CVC,SMP,134244,"111",3
RGP-096L-0D,RGP,A1,SFT,ELGOP,67176,"108",3
RGP-096L-0D,RGP,A1,SFT,SPDS,16848,"106",3
RGP-096L-0D,RGP,A1,CFM,LSB2,83052,"103",4
RGP-096L-0D,RGP,A1,CFM,S2D2,16848,"100",4
RGP-096L-0D,RGP,A1,CFM,LSB,33696,"96",5
RGP-096L-0D,RGP,A1,CVC,CBAK2,16848,"87",6
RGP-096L-0D,RGP,A1,PTH,PTHFL,224748,"58",12
RGP-096L-0D,RGP,A1,PTH,DPPB,50544,"56",12
RGP-096L-0D,RGP,A1,PTH,PDS,67284,"54",13
RGP-096L-0D,RGP,A1,PTH,LAS,50544,"53",13
RGP-096L-0D,RGP,A1,PTH,PVIC,134784,"47",14
RGP-096L-0D,RGP,A1,CFM,DES,83700,"46",15
RGP-096L-0D,RGP,A1,CFM,RXLV,16848,"45",15
RGP-096L-0D,RGP,A1,CVC,CFM,117936,"40",16
RGP-096L-0D,RGP,A1,CVC,CCFR,16848,"38",16
RGP-096L-0D,RGP,A1,CVC,CBAK,90612,"35",16
RGP-096L-0D,RGP,A1,CFM,RAOIVT+,33696,"32",17
RGP-096L-0D,RGP,A1,CFM,RDES+,33696,"26",18
RGP-096L-0D,RGP,A1,CFM,KRHOLD+,67392,"25",19
RGP-096L-0D,RGP,A1,PTH,RTHI,134784,"18",21
RGP-096L-0D,RGP,A1,PTH,RDPPI,134784,"11",22
RGP-096L-0D,RGP,A1,PTH,REW,33696,"7",23
RGP-096L-0D,RGP,A1,PTH,RLAS,33696,"2",24
RGP-096L-0DL3,RGP,A1,CVC,CVIC,35424,"7",1
RGP-096L-0DL3,RGP,A1,CVC,CPIC,70848,"6",1
RGP-096L-0DL3,RGP,A1,CVC,RADL,141696,"3",1
RGP-096L-0DL3,RGP,A1,CFM,CFL,70848,"2",1
RGP-141L-0B,RGP,A1,FIN,FSTB,4672,"122",2
RGP-141L-0B,RGP,A1,CVC,CQSTH,18656,"114",3
RGP-141L-0B,RGP,A1,SFT,SPDS,37184,"109",4
RGP-141L-0B,RGP,A1,CFM,LSPB2,4640,"99",5
RGP-141L-0B,RGP,A1,CFM,LSP2,4672,"98",5
RGP-141L-0B,RGP,A1,CFM,CSC2,125824,"95",5
RGP-141L-0BL1,RGP,A1,CVC,CADL,4672,"6",1
RGP-141L-0BL1,RGP,A1,CVC,CPIC,4672,"5",1
RGP-141L-0BL4,RGP,A1,CVC,RADL,18688,"3",1
RGP-145S-0B,RGP,A1,FIN,FPINA,21312,"40",2
RGP-145S-0B,RGP,A1,SFT,SCFR,85248,"33",3
RGP-145S-0B,RGP,A1,FIN,FHPS2,10656,"31",3
RGP-145S-0B,RGP,A1,FIN,FHPS,10656,"29",4
RGP-145S-0B,RGP,A1,FIN,FSTH,63936,"28",4
RGP-145S-0B,RGP,A1,CVC,RCSS,31968,"16",5
RGP-145S-0B,RGP,A1,CVC,CREW,31968,"13",7
RGP-145S-0B,RGP,A1,CVC,RCLL,31968,"12",7
RGP-145S-0B,RGP,A1,CFM,RCSC+,31968,"11",8
RGP-145S-0B,RGP,A1,CFM,RDES-,31968,"6",9
RGP-145S-1B,RGP,A1,FIN,FBLK,21312,"49",1
RGP-145S-1B,RGP,A1,FIN,FPIC,10656,"46",2
RGP-145S-1B,RGP,A1,FIN,FVIC2,10656,"45",2
RGP-145S-1B,RGP,A1,FIN,FINA,21312,"42",2
RGP-184S-0D,RGP,A1,QA,QA-Z,19560,"50",1
RGP-184S-0D,RGP,A1,FIN,FBLK,18720,"47",2
RGP-184S-0D,RGP,A1,FIN,FVIC2,37440,"44",3
RGP-184S-0D,RGP,A1,FIN,FOST2,35640,"40",3
RGP-184S-0D,RGP,A1,FIN,FVIC,18720,"37",4
RGP-184S-0D,RGP,A1,SFT,SCFR,37440,"34",4
RGP-184S-0D,RGP,A1,CVC,CF,18720,"33",4
RGP-184S-0D,RGP,A1,FIN,FHPS2,4800,"32",5
RGP-184S-0D,RGP,A1,FIN,FSTH2,48480,"31",5
RGP-184S-0D,RGP,A1,FIN,FSTH,406440,"29",5
RGP-184S-0D,RGP,A1,SFT,ELGOP,18720,"27",5
RGP-184S-0D,RGP,A1,SFT,SCHS,168240,"26",5
RGP-184S-0D,RGP,A1,CFM,CUTA+,71760,"21",6
RGP-184S-0D,RGP,A1,CFM,LRPHP#,23280,"20",6
RGP-184S-0D,RGP,A1,CFM,KREW2,22800,"18",6
RGP-184S-0D,RGP,A1,CVC,RCSS,74880,"17",6
RGP-184S-0D,RGP,A1,CVC,RCLL,90720,"13",7
RGP-266L-0B,RGP,A1,FIN,FINA,4864,"152",1
RGP-266L-0B,RGP,A1,FIN,FBAK,4864,"144",2
RGP-266L-0B,RGP,A1,FIN,FSTB2,4864,"142",2
RGP-266L-0B,RGP,A1,FIN,FSTB,9664,"141",2
RGP-266L-0B,RGP,A1,CVC,SMP,9728,"135",3
RGP-266L-0B,RGP,A1,CVC,SMPJ,9664,"134",3
RGP-266L-0B,RGP,A1,SFT,SCFR,4864,"132",3
RGP-266L-0B,RGP,A1,CVC,CQBAK2,4864,"131",3
RGP-266L-0B,RGP,A1,CVC,CQCR,4736,"130",3
RGP-266L-0B,RGP,A1,CVC,CQHPS,9632,"129",3
RGP-266L-0B,RGP,A1,CVC,CSTHA,38816,"128",3
RGP-266L-0B,RGP,A1,SFT,ELGOP,23840,"125",4
RGP-266L-0B,RGP,A1,SFT,SPDS,43328,"123",4
RGP-266L-0B,RGP,A1,CFM,LSB,24256,"120",4
RGP-266L-0B,RGP,A1,CFM,LSD,4864,"119",4
RGP-266L-0B,RGP,A1,CFM,LSE,4864,"118",4
RGP-266L-0B,RGP,A1,CFM,AOIPI2,4864,"100",6
RGP-266L-0B,RGP,A1,CFM,KRHOLD2#,72608,"92",9
RGP-266L-0B,RGP,A1,CFM,RXD2#,9728,"91",10
RGP-266L-0B,RGP,A1,CFM,RDFLV3#,4864,"89",10
RGP-266L-0B,RGP,A1,CFM,RSTRP2+,19392,"87",10
RGP-266L-0B,RGP,A1,PTH,RTHI2+,4864,"85",11
RGP-266L-0B,RGP,A1,CFM,RDEV2+,14560,"83",11
RGP-266L-0B,RGP,A1,CFM,RXLT2+,14592,"82",11
RGP-266L-0B,RGP,A1,CFM,RDFL2+,29024,"80",12
RGP-266L-0B,RGP,A1,PTH,RPTHFL+,43776,"79",12
RGP-266L-0B,RGP,A1,PTH,RDPPI3+,4864,"78",12
RGP-266L-0B,RGP,A1,PTH,RDPPI2+,9600,"77",12
RGP-266L-0B,RGP,A1,PTH,REW10+,9728,"76",13
RGP-266L-0B,RGP,A1,PTH,REW10+,4608,"76",13
RGP-266L-0B,RGP,A1,PTH,RDPP2+,9728,"75",13
RGP-266L-0B,RGP,A1,PTH,RDPP2+,18048,"75",13
RGP-266L-0B,RGP,A1,PTH,REW9+,4768,"74",13
RGP-266L-0B,RGP,A1,PTH,REW9+,4864,"74",13
RGP-266L-0B,RGP,A1,PTH,RPDS2+,4576,"73",13
RGP-266L-0B,RGP,A1,PTH,RPDS2+,14560,"73",13
RGP-266L-0B,RGP,A1,PTH,PBAK2+,9696,"71",13
RGP-266L-0B,RGP,A1,PTH,RLASC2+,4864,"67",14
RGP-266L-0B,RGP,A1,PTH,RLASC2+,4864,"67",14
RGP-266L-0B,RGP,A1,PTH,RLASC+,9728,"66",14
RGP-266L-0B,RGP,A1,PTH,REW6+,68032,"65",14
RGP-266L-0B,RGP,A1,PTH,RSL+,4864,"64",14
RGP-266L-0B,RGP,A1,PTH,RSL+,63136,"64",14
RGP-266L-0B,RGP,A1,CFM,RAOIVT2+,38912,"63",15
RGP-266L-0B,RGP,A1,CFM,RAOIPI3+,15968,"61",15
RGP-266L-0B,RGP,A1,CFM,RAOIPI3+,1088,"61",15
RGP-266L-0B,RGP,A1,CFM,RDES2+,14592,"60",16
RGP-266L-0B,RGP,A1,CFM,RXLV+,24288,"59",16
RGP-266L-0B,RGP,A1,CFM,KR2D3+,9728,"58",16
RGP-266L-0B,RGP,A1,CFM,RDFLV2+,14528,"57",16
RGP-266L-0B,RGP,A1,CFM,RMCH2+,31968,"56",16
RGP-266L-0B,RGP,A1,PTH,PBAK+,4864,"54",16
RGP-266L-0B,RGP,A1,PTH,SRCON,19456,"52",16
RGP-266L-0B,RGP,A1,CVC,CVIC,19456,"51",17
RGP-266L-0B,RGP,A1,CVC,CFM,24320,"49",17
RGP-266L-0B,RGP,A1,CVC,CCFR,14592,"47",17
RGP-266L-0B,RGP,A1,CVC,STM,9728,"45",18
RGP-266L-0B,RGP,A1,CVC,CVL,9728,"43",18
RGP-266L-0B,RGP,A1,CFM,CUTA-,9728,"41",18
RGP-266L-0B,RGP,A1,CVC,RCADL,38912,"40",18
RGP-266L-0B,RGP,A1,CFM,RCSC2+,19456,"39",18
RGP-266L-0B,RGP,A1,CFM,RAOIVT+,9728,"37",19
RGP-266L-0B,RGP,A1,CFM,RAOIPI+,9728,"35",19
RGP-266L-0B,RGP,A1,PTH,PRP2DB,19392,"33",20
RGP-266L-0B,RGP,A1,PTH,PRP2DB,640,"33",20
RGP-266L-0B,RGP,A1,CFM,RPHP+,2080,"32",20
RGP-266L-0B,RGP,A1,CFM,RSTRP+,28928,"22",22
RGP-266L-0B,RGP,A1,PTH,REW4+,9728,"18",23
RGP-266L-0B,RGP,A1,PTH,RDPPI+,19456,"12",23
RGP-266L-0B,RGP,A1,PTH,RDPP+,19456,"10",24
RGP-266L-0BL1,RGP,A1,CVC,CPIC,24320,"5",1
RGP-266L-0BL1,RGP,A1,CVC,CCUT/,29184,"3",1
RGP-266L-0BL1,RGP,A1,CFM,CFL,29184,"2",1
RGP-266L-0BL4,RGP,A1,CVC,CPIC,34048,"6",1
RGP-266L-0BL4,RGP,A1,CVC,CCUT/,9728,"4",1
RGP-266L-0BL4,RGP,A1,CVC,RADL,29184,"3",1
RGP-266L-0BL4,RGP,A1,CFM,CFL,29184,"2",1
RGP-309S-0B,RGP,A1,SFT,SPDS,32256,"48",1
RGP-309S-0B,RGP,A1,FIN,FPIC,80640,"46",1
RGP-309S-0B,RGP,A1,FIN,FVIC2,64512,"45",2
RGP-309S-0B,RGP,A1,FIN,FPIA,32256,"43",2
RGP-309S-0B,RGP,A1,FIN,FINA,32256,"42",2
RGP-309S-0B,RGP,A1,FIN,FPINA,16128,"41",2
RGP-309S-0B,RGP,A1,FIN,FOST2,16128,"40",2
RGP-309S-0B,RGP,A1,FIN,FOST,161073,"39",2
RGP-309S-0B,RGP,A1,FIN,FCLN,48384,"38",2
RGP-309S-0B,RGP,A1,FIN,FVIC,48384,"37",2
RGP-309S-0B,RGP,A1,FIN,FLAB,16128,"36",2
RGP-309S-0B,RGP,A1,CVC,SMPJ,80256,"35",2
RGP-309S-0B,RGP,A1,SFT,SCFR,101952,"34",3
RGP-309S-0B,RGP,A1,CVC,CF,145152,"33",3
RGP-309S-0B,RGP,A1,FIN,FHPS2,46560,"32",3
RGP-309S-0B,RGP,A1,FIN,FHPS,16128,"30",3
RGP-309S-0B,RGP,A1,FIN,FSTH,32256,"29",3
RGP-309S-0B,RGP,A1,FIN,FSTH,717312,"29",3
RGP-309S-0B,RGP,A1,SFT,ELGOP,64512,"27",4
RGP-309S-0B,RGP,A1,SFT,SCHS,64512,"26",4
RGP-309S-0B,RGP,A1,CVC,CINP+,322560,"22",4
RGP-309S-0B,RGP,A1,CVC,CINP+,32256,"22",4
RGP-309S-0B,RGP,A1,CFM,CUTA+,161280,"21",4
RGP-309S-0B,RGP,A1,CFM,CUTA+,32256,"21",4
RGP-309S-0B,RGP,A1,CFM,RLSB,32256,"19",5
RGP-309S-0B,RGP,A1,CFM,RLSB,64512,"19",5
RGP-309S-0B,RGP,A1,CVC,RCSS,96768,"17",5
RGP-309S-0B,RGP,A1,CVC,RCSS,32256,"17",5
RGP-309S-0B,RGP,A1,CVC,CREW3,32256,"16",6
RGP-309S-0B,RGP,A1,CVC,RSTL,32256,"15",6
RGP-309S-0B,RGP,A1,CVC,RCLL,64512,"13",7
RGP-309S-0B,RGP,A1,CVC,RCLL,598080,"13",7
RGP-309S-0B,RGP,A1,CFM,RCSC+,32256,"12",8
RGP-309S-0B,RGP,A1,CFM,RAOIVT+,170880,"11",8
RGP-309S-0B,RGP,A1,CFM,RAOIPI+,32256,"10",8
RGP-309S-0B,RGP,A1,CVC,CREW,64512,"7",8
RGP-309S-0B,RGP,A1,CFM,RDES-,64512,"6",9
RGP-309S-0B,RGP,A1,CFM,XSB-,96768,"5",9
RGP-309S-0B,RGP,A1,CFM,CFL-,64512,"3",9
RGP-309S-1B,RGP,A1,QA,QA-Z,32928,"52",1
RGP-309S-1B,RGP,A1,FIN,FIN,32256,"50",1
RGP-309S-1B,RGP,A1,FIN,FBLK,16128,"49",1
RGP-309S-1B,RGP,A1,FIN,FPIC2,32256,"47",1
RGP-309S-1B,RGP,A1,FIN,FPIC,32256,"46",1
RGP-309S-1B,RGP,A1,FIN,FVIC2,48384,"45",2
RGP-368L-0B,RGP,A1,QA,QA-Z,5120,"155",1
RGP-368L-0B,RGP,A1,FIN,FINA,4672,"150",1
RGP-368L-0B,RGP,A1,FIN,FOST3,12416,"148",1
RGP-368L-0B,RGP,A1,FIN,FCLN3,9088,"146",2
RGP-368L-0B,RGP,A1,FIN,FOST,4672,"145",2
RGP-368L-0B,RGP,A1,FIN,FSTB3,4608,"141",2
RGP-368L-0B,RGP,A1,FIN,FSTB,32416,"139",2
RGP-368L-0B,RGP,A1,CVC,SMPJ,4672,"132",3
RGP-368L-0B,RGP,A1,SFT,SCFR,64768,"130",3
RGP-368L-0B,RGP,A1,CVC,CQBAK,4640,"129",3
RGP-368L-0B,RGP,A1,CVC,CQHPS,4672,"127",4
RGP-368L-0B,RGP,A1,CVC,CSTHA,45696,"126",4
RGP-368L-0B,RGP,A1,SFT,ELGOP,22752,"123",4
RGP-368L-0B,RGP,A1,SFT,SCHS,4640,"122",4
RGP-368L-0B,RGP,A1,SFT,SPDS,22912,"121",4
RGP-368L-0B,RGP,A1,CFM,LSD,4672,"117",5
RGP-368L-0B,RGP,A1,CFM,LSEDI,13984,"116",5
RGP-368L-0B,RGP,A1,CFM,LSPB,9280,"115",5
RGP-368L-0B,RGP,A1,CFM,LSP,13952,"114",5
RGP-368L-0B,RGP,A1,CFM,CSC,36640,"113",5
RGP-368L-0B,RGP,A1,CVC,CINP+,46656,"110",6
RGP-368L-0B,RGP,A1,CFM,CUTA3+,20896,"109",6
RGP-368L-0B,RGP,A1,CFM,RLSE,1024,"105",6
RGP-368L-0B,RGP,A1,CFM,RLSP2,4672,"104",6
RGP-368L-0B,RGP,A1,CFM,RLSP,13920,"103",6
RGP-368L-0B,RGP,A1,CFM,RCSC3+,3840,"102",6
RGP-368L-0B,RGP,A1,CFM,KREW,9312,"98",7
RGP-368L-0B,RGP,A1,CVC,RCCW,31424,"97",7
RGP-368L-0B,RGP,A1,CVC,RCLL,18592,"95",7
RGP-368L-0B,RGP,A1,SFT,PKR,83744,"92",8
RGP-368L-0B,RGP,A1,FIN,FPIC,18688,"91",8
RGP-368L-0B,RGP,A1,PTH,POST,4672,"90",8
RGP-368L-0B,RGP,A1,CFM,AOIVT,18464,"89",9
RGP-368L-0B,RGP,A1,CFM,AOIPI2,14016,"88",9
RGP-368L-0B,RGP,A1,CFM,AOIPI,28032,"87",9
RGP-368L-0B,RGP,A1,CFM,CUTA2-,18560,"86",9
RGP-368L-0B,RGP,A1,CFM,RPHP3+,3488,"85",9
RGP-368L-0B,RGP,A1,CFM,KRHOLD2#,4672,"81",10
RGP-368L-0B,RGP,A1,CFM,RDFLV3#,4672,"78",11
RGP-368L-0B,RGP,A1,CFM,RMCH4#,41984,"77",11
RGP-368L-0B,RGP,A1,PTH,RHOLD2,23360,"76",11
RGP-368L-0B,RGP,A1,PTH,RTHI2,27808,"74",12
RGP-368L-0B,RGP,A1,PTH,RDPPI3+,4672,"72",12
RGP-368L-0B,RGP,A1,PTH,RDPPI2+,4672,"71",12
RGP-368L-0B,RGP,A1,PTH,REW9+,9344,"70",12
RGP-368L-0B,RGP,A1,PTH,RDPP2+,23360,"69",13
RGP-368L-0B,RGP,A1,PTH,PBAK2+,9344,"65",13
RGP-368L-0B,RGP,A1,PTH,RLASC+,23360,"60",14
RGP-368L-0B,RGP,A1,PTH,REW5+,18688,"59",14
RGP-368L-0B,RGP,A1,CFM,RAOIPI3+,18688,"55",15
RGP-368L-0B,RGP,A1,CFM,RBMP+,28032,"54",15
RGP-368L-0B,RGP,A1,CFM,RDES2+,84096,"53",15
RGP-368L-0B,RGP,A1,CFM,RXLV+,18688,"52",16
RGP-368L-0B,RGP,A1,CFM,RDFLV2+,60736,"50",16
RGP-368L-0B,RGP,A1,CFM,RMCH3+,87168,"49",16
RGP-368L-0B,RGP,A1,CFM,RMCH2-,46720,"47",16
RGP-368L-0B,RGP,A1,PTH,REW4+,18592,"46",16
RGP-368L-0B,RGP,A1,PTH,PBAK+,9344,"45",16
RGP-368L-0B,RGP,A1,PTH,SRCON2,4672,"44",17
RGP-368L-0B,RGP,A1,CFM,MCH,9344,"42",17
RGP-368L-0B,RGP,A1,CVC,CVIC,14016,"41",17
RGP-368L-0B,RGP,A1,CVC,CFM,9344,"40",17
RGP-368L-0B,RGP,A1,CVC,CCFR,4672,"38",18
RGP-368L-0B,RGP,A1,CVC,STM,28032,"36",18
RGP-368L-0B,RGP,A1,CVC,CBAK,18688,"35",18
RGP-368L-0B,RGP,A1,CVC,CVL,56064,"34",18
RGP-368L-0B,RGP,A1,CFM,CUTA-,9344,"32",18
RGP-368L-0B,RGP,A1,CVC,RCADL,140160,"31",19
RGP-368L-0B,RGP,A1,CFM,RCSC+,28032,"30",19
RGP-368L-0B,RGP,A1,PTH,RPOST,18688,"29",19
RGP-368L-0B,RGP,A1,CFM,RAOIVT+,18688,"28",20
RGP-368L-0B,RGP,A1,CFM,KRHOLD+,9344,"21",21
RGP-368L-0B,RGP,A1,CFM,RXD+,18688,"20",22
RGP-368L-0B,RGP,A1,CFM,RMCH+,9344,"17",22
RGP-368L-0B,RGP,A1,PTH,RDPPI+,18688,"12",23
RGP-368L-0B,RGP,A1,PTH,RDPP+,18688,"10",24
RGP-368L-0B,RGP,A1,PTH,RLAS+,18688,"4",25
RGP-368L-0BL1,RGP,A1,CVC,CPIC,107456,"5",1
RGP-368L-0BL4,RGP,A1,CVC,CPIC,74752,"6",1
RGP-368L-0BL4,RGP,A1,CVC,CCUT/,18688,"4",1
RGP-368L-0BL4,RGP,A1,CVC,RADL,56064,"3",1
RGP-419L-0B,RGP,A1,FIN,FSCANM,4256,"148",1
RGP-419L-0B,RGP,A1,FIN,GATE,4144,"147",1
RGP-419L-0B,RGP,A1,FIN,FIN,8512,"146",2
RGP-419L-0B,RGP,A1,FIN,FOST3,4256,"143",2
RGP-419L-0B,RGP,A1,FIN,FOST,8400,"140",3
RGP-419L-0B,RGP,A1,CVC,SMPJ,8456,"129",4
RGP-419L-0B,RGP,A1,FIN,FVIC,8512,"128",4
RGP-419L-0B,RGP,A1,SFT,SCFR,4256,"125",5
RGP-419L-0B,RGP,A1,CVC,CQBAK2,8400,"124",5
RGP-419L-0B,RGP,A1,CVC,CQCR,12708,"123",5
RGP-419L-0B,RGP,A1,CVC,CQHPS,4256,"122",5
RGP-419L-0B,RGP,A1,CVC,CQSTH,4200,"121",5
RGP-419L-0B,RGP,A1,SFT,ELGOP,17220,"118",5
RGP-419L-0B,RGP,A1,SFT,SPDS,16856,"116",6
RGP-419L-0B,RGP,A1,CFM,LSP2,8456,"109",7
RGP-419L-0B,RGP,A1,CFM,CSCU2,12712,"108",7
RGP-419L-0B,RGP,A1,CFM,LSB,4200,"107",7
RGP-419L-0B,RGP,A1,CFM,LSD,4228,"106",7
RGP-419L-0B,RGP,A1,CFM,LSE,4256,"105",7
RGP-419L-0B,RGP,A1,CFM,LSPB,4144,"103",8
RGP-419L-0B,RGP,A1,CFM,LSP,3584,"102",8
RGP-419L-0B,RGP,A1,CFM,CSCU,8456,"101",8
RGP-419L-0B,RGP,A1,CVC,CQBAK,4872,"98",8
RGP-419L-0B,RGP,A1,CVC,CQCW,29540,"97",8
RGP-419L-0B,RGP,A1,CVC,CLLA,3948,"96",9
RGP-419L-0B,RGP,A1,SFT,PKR,8428,"94",9
RGP-419L-0B,RGP,A1,FIN,FPIC,8456,"93",9
RGP-419L-0B,RGP,A1,CFM,AOIVT,4256,"91",10
RGP-419L-0B,RGP,A1,CFM,AOIPI2,4256,"90",10
RGP-419L-0B,RGP,A1,CFM,AOIPI,8512,"89",10
RGP-419L-0B,RGP,A1,CFM,CUTA2-,12768,"88",11
RGP-419L-0B,RGP,A1,CFM,KRHOLD2-,29512,"82",12
RGP-419L-0B,RGP,A1,CFM,RDFLV3#,25340,"79",13
RGP-419L-0B,RGP,A1,PTH,RHOLD2,4116,"77",14
RGP-419L-0B,RGP,A1,PTH,RTHI2,25452,"75",14
RGP-419L-0B,RGP,A1,PTH,RPTH2,4256,"74",14
RGP-419L-0B,RGP,A1,PTH,RDPP2+,4256,"70",15
RGP-419L-0B,RGP,A1,CFM,RMCH+,8512,"51",19
RGP-427L-0B,RGP,A1,QA,QA-Z,4736,"145",1
RGP-427L-0B,RGP,A1,FIN,FSCANM,9472,"143",1
RGP-427L-0B,RGP,A1,FIN,FIN,4512,"141",1
RGP-427L-0B,RGP,A1,FIN,FINA,4704,"140",2
RGP-427L-0B,RGP,A1,FIN,FOST3,7968,"138",2
RGP-427L-0B,RGP,A1,FIN,FOST2,4608,"137",2
RGP-427L-0B,RGP,A1,FIN,FOST,4544,"135",2
RGP-427L-0B,RGP,A1,FIN,FBAK,9216,"133",3
RGP-427L-0B,RGP,A1,CVC,SMPJ,4736,"124",4
RGP-427L-0B,RGP,A1,FIN,FVIC,4736,"123",4
RGP-427L-0B,RGP,A1,SFT,SCFR,736,"121",4
RGP-427L-0B,RGP,A1,CVC,CQCR,4736,"119",5
RGP-427L-0B,RGP,A1,CVC,CQSTH,4608,"117",5
RGP-427L-0B,RGP,A1,SFT,ELGOP,224,"114",5
RGP-427L-0B,RGP,A1,SFT,ELGOP,9120,"114",5
RGP-427L-0B,RGP,A1,CFM,LSP,4704,"101",7
RGP-427L-0B,RGP,A1,CFM,CSCU,9440,"100",7
RGP-427L-0B,RGP,A1,CVC,CQCW,18816,"96",8
RGP-427L-0B,RGP,A1,CVC,CLLA,37248,"95",8
RGP-427L-0B,RGP,A1,CFM,CSC,9088,"94",8
RGP-427L-0B,RGP,A1,SFT,PKR,54880,"93",8
RGP-427L-0B,RGP,A1,FIN,FPIC,18528,"92",9
RGP-427L-0B,RGP,A1,PTH,POST,9440,"91",9
RGP-427L-0B,RGP,A1,CFM,AOIVT,28160,"90",9
RGP-427L-0B,RGP,A1,CFM,KRHOLD2-,18752,"81",11
RGP-427L-0B,RGP,A1,CFM,RXD2-,9344,"80",12
RGP-427L-0B,RGP,A1,CFM,RMCH3-,27776,"77",13
RGP-427L-0B,RGP,A1,PTH,RTHI2,31872,"74",13
RGP-427L-0B,RGP,A1,PTH,RPTH2,4608,"73",13
RGP-427L-0B,RGP,A1,PTH,RDPPI2+,4672,"71",14
RGP-427L-0B,RGP,A1,PTH,REW10+,4736,"70",14
RGP-427L-0B,RGP,A1,PTH,RDPP2+,4640,"69",14
RGP-427L-0B,RGP,A1,PTH,PBAK2+,9472,"65",15
RGP-427L-0B,RGP,A1,PTH,RLASC+,18944,"61",15
RGP-427L-0B,RGP,A1,PTH,REW6+,4736,"60",16
RGP-427L-0B,RGP,A1,PTH,RSL+,4736,"59",16
RGP-427L-0B,RGP,A1,CVC,RCADL,9216,"34",20
RGP-450W-0C,RGP,A1,FIN,FOST3,39729,"85",2
RGP-450W-0C,RGP,A1,FIN,FOST3,3471,"85",2
RGP-450W-0C,RGP,A1,PTH,PRP2DB,172800,"6",15
RGP-450W-0C,RGP,A1,PTH,RLAS+,345600,"2",16
RGP-453W-0C,RGP,A1,PTH,RLAS+,2,"2",16
RGP-453W-1C,RGP,A1,FIN,FBLK,41184,"82",2
RGP-453W-1C,RGP,A1,FIN,FOST2,82944,"80",2
RGP-453W-1C,RGP,A1,FIN,FCLN,41472,"77",2
RGP-453W-1C,RGP,A1,FIN,FSTB,82944,"73",2
RGP-455L-0C,RGP,A1,FIN,FPIC,29568,"94",8
RGP-455L-0D,RGP,A1,FIN,FIN,24696,"141",1
RGP-455L-0D,RGP,A1,CFM,RAOIPI+,34496,"30",21
RGP-455L-0D,RGP,A1,CFM,RSTRP-,34496,"20",23
RGP-455L-0D,RGP,A1,CFM,RDFL,86240,"12",24
RGP-455L-0D,RGP,A1,PTH,RDPPI+,86240,"11",24
RGP-455L-0DL1,RGP,A1,CVC,CPIC,69888,"4",1
RGP-455L-0DL1,RGP,A1,CFM,KROL,69888,"1",1
RGP-455L-2D,RGP,A1,CFM,CUTA-.,33600,"32",20
RGP-455L-2D,RGP,A1,PTH,PRP2DB,34496,"6",25
RGP-455L-2D,RGP,A1,PTH,RLAS,51744,"2",26
RGP-455L-2D,RGP,A1,PTH,PROL,68992,"1",26
RGP-455L-2DL1,RGP,A1,CFM,KROL,34944,"1",1
RGP-456L-0C,RGP,A1,CFM,RDFL3+,134400,"68",14
RGP-456L-0C,RGP,A1,PTH,REW5+,33600,"55",16
RGP-456L-0C,RGP,A1,CFM,RAOIVT2+,33600,"53",17
RGP-456L-0D,RGP,A1,CFM,KR2D,33600,"13",24
RGP-456L-0D,RGP,A1,CFM,RDFL,33600,"12",24
RGP-456L-0D,RGP,A1,PTH,RDPPI+,100800,"11",24
RGP-456L-0DL1,RGP,A1,CVC,CPIC,67200,"4",1
RGP-456L-0DL1,RGP,A1,CFM,KROL,100800,"1",1
RGP-477L-0A,RGP,A1,FIN,FQCR,4640,"137",2
RGP-477L-0A,RGP,A1,FIN,FSTB,9216,"135",3
RGP-477L-0A,RGP,A1,CVC,CPBAK,27232,"130",3
RGP-477L-0A,RGP,A1,PTH,POST,4672,"92",9
RGP-477L-0AL4,RGP,A1,CVC,RADL,4544,"3",1
RGP-477L-1A,RGP,A1,FIN,FOST3,4672,"143",1
RGP-478W-2A,RGP,A1,FIN,FSTB,2520,"83",2
RGP-478W-2A,RGP,A1,FIN,FPIC,2340,"82",2
RGP-480W-2A,RGP,A1,CFM,LRPHP#,18240,"52",5
RGP-480W-2A,RGP,A1,CFM,RCSC2+,18240,"47",6
RGP-480W-3A,RGP,A1,FIN,FOST3,26760,"81",1
RGP-482W-0B,RGP,A1,FIN,FBLK,3520,"92",1
RGP-482W-0B,RGP,A1,FIN,FOST2,8160,"91",1
RGP-482W-0B,RGP,A1,CFM,LSD2,11440,"65",4
RGP-482W-0B,RGP,A1,PTH,PTH,5680,"25",10
RGP-482W-0B,RGP,A1,PTH,PVIC,6560,"16",12
RGP-483L-0A,RGP,A1,FIN,FINA,2880,"145",1
RGP-483L-0A,RGP,A1,FIN,FOST3,9344,"143",1
RGP-483L-0A,RGP,A1,FIN,FOST3,13984,"143",1
RGP-483L-0A,RGP,A1,FIN,FOST2,4608,"142",2
RGP-483L-0A,RGP,A1,FIN,FCLN2,4640,"141",2
RGP-483L-0A,RGP,A1,FIN,FOST,4448,"140",2
RGP-483L-0A,RGP,A1,FIN,FSTB,13888,"135",3
RGP-483L-0A,RGP,A1,CVC,CQSTH,4512,"122",4
RGP-483L-0A,RGP,A1,CVC,CQBAK,4320,"98",8
RGP-483L-0A,RGP,A1,CVC,CLLA,6720,"96",8
RGP-483L-0A,RGP,A1,PTH,RDPPI+,3232,"72",14
RGP-483L-0A,RGP,A1,CFM,RMCH+,9344,"51",18
RGP-483L-0A,RGP,A1,CFM,RCSC+,8384,"33",21
RGP-483L-0A,RGP,A1,PTH,RPOST,9344,"32",21
RGP-483L-0A,RGP,A1,PTH,RPOST,960,"32",21
RGP-483L-0A,RGP,A1,CFM,RAOIVT+,28032,"31",21
RGP-483L-0A,RGP,A1,CFM,KRHOLD+,9216,"24",22
RGP-483L-0A,RGP,A1,CFM,RXD+,37376,"23",24
RGP-483L-0A,RGP,A1,CFM,RMME+,37376,"20",25
RGP-483L-0A,RGP,A1,PTH,RTHI+,4672,"17",25
RGP-483L-0A,RGP,A1,PTH,RPTH+,43488,"16",25
RGP-483L-0A,RGP,A1,PTH,RAOIM+,18688,"15",26
RGP-483L-0A,RGP,A1,PTH,REW4+,28032,"14",26
RGP-483L-0A,RGP,A1,PTH,RDPP+,37376,"13",26
RGP-483L-0A,RGP,A1,PTH,REW2+,9344,"10",26
RGP-483L-0A,RGP,A1,PTH,REW+,9344,"8",26
RGP-483L-0A,RGP,A1,PTH,PRMCH2+,18688,"7",26
RGP-483L-0A,RGP,A1,PTH,RLAS+,65408,"4",27
RGP-483L-0A,RGP,A1,PTH,PRMCH+,18688,"3",27
RGP-483L-0A,RGP,A1,PTH,PRP2DB,28032,"2",27
RGP-483L-0AL1,RGP,A1,CVC,CPIC,9088,"5",1
RGP-483L-0AL1,RGP,A1,CVC,CCUT/,31808,"3",1
RGP-483L-0AL4,RGP,A1,CVC,RADL,18176,"3",1
RGP-489W-0A,RGP,A1,FIN,FSTB,12520,"84",3
RGP-493W-0A,RGP,A1,FIN,FIN,9780,"85",1
RGP-493W-0A,RGP,A1,PTH,REW3,42048,"16",14
RGP-493W-0A,RGP,A1,PTH,RDPPI+,17568,"11",14
RGP-494W-0A,RGP,A1,FIN,FPIC,4920,"84",3
RGP-494W-0A,RGP,A1,FIN,FSTH,5600,"79",3
RGP-494W-0A,RGP,A1,FIN,FVIC,6160,"76",4
RGP-494W-0B,RGP,A1,FIN,FIN,11840,"94",2
RGP-494W-0B,RGP,A1,CFM,RXLT,6480,"23",13
RGP-494W-0B,RGP,A1,CFM,SRDFL,4800,"21",13
RGP-494W-0B,RGP,A1,PTH,DPPB,12240,"19",13
RGP-494W-0B,RGP,A1,PTH,LAS,44960,"17",14
RGP-494W-0B,RGP,A1,PTH,PVIC,11520,"16",14
RGP-494W-1B,RGP,A1,FIN,FIN,11275,"94",2
RGP-507L-0A,RGP,A1,PTH,RPTH_H+,2040,"16",27
RGP-507L-0A,RGP,A1,PTH,REW4+,2040,"14",28
RGP-507L-0A,RGP,A1,PTH,RLAS+,16320,"4",29
RGP-507L-0A,RGP,A1,PTH,PRP2DB,8160,"2",29
RGP-507L-0AL1,RGP,A1,CVC,CPIC,3648,"5",1
RGP-507L-0AL4,RGP,A1,CVC,CPIC,3648,"5",1
RGPZ-001ML-0C,RGP,N1,MOT,ZSTORE2,7399,"84",4
RGPZ-014MW-0E,RGP,A1,MOT,ZFPC,26772,"90",3
RGPZ-030MW-0C,RGP,A1,MOT,ZFPC,141014,"78",4
RGPZ-030MW-0C,RGP,A1,FIN,FIN,63360,"73",4
RGPZ-030MW-2C,RGP,A1,LAM,ZLAM1,5045,"20",1
RGPZ-030MW-2C,RGP,A1,BLK,ZBLK,31454,"16",2
RGPZ-030MW-2C,RGP,A1,INT,ZINT1,31256,"10",2
RGPZ-031MW-0C,RGP,N1,MOT,ZSTORE2,88968,"86",2
RGPZ-032ML-0E,RGP,A1,CFM,RDES2+,69120,"31",20
RGPZ-032ML-0EL1,RGP,A1,CVC,CADL,17280,"7",1
RGPZ-032ML-0EL1,RGP,A1,CVC,CCUT/,69120,"3",1
RGPZ-040ML-0B,RGP,A1,MOT,ZFPC,258,"105",4
RGPZ-054ML-0B,RGP,A1,FIN,FOST2,20160,"109",6
RGPZ-054ML-0B,RGP,A1,FIN,FQCR,20448,"99",8
RGPZ-054ML-0B,RGP,A1,FIN,FVIC,38448,"96",8
RGPZ-054ML-0B,RGP,A1,CVC,CCW,13248,"68",12
RGPZ-054ML-0B,RGP,A1,CVC,CLLA,40032,"67",12
RGPZ-054ML-0B,RGP,A1,FIN,FPIC,20448,"64",12
RGPZ-054ML-0B,RGP,A1,PTH,PTHFL,81504,"39",18
RGPZ-054ML-0B,RGP,A1,PTH,DPP,20448,"35",18
RGPZ-054ML-0B,RGP,A1,CVC,CFM,40896,"19",22
RGPZ-054ML-0B,RGP,A1,CVC,CBAK,40896,"14",22
RGPZ-054ML-0BL3,RGP,A1,CVC,CADL,22464,"7",1
RGPZ-054ML-0BL3,RGP,A1,CVC,CPIC,22464,"6",1
RGPZ-054ML-15B,RGP,N1,QA,ZQA1,378,"41",1
RGPZ-054ML-15B,RGP,N1,ELT,ZELT1,18892,"37",1
RGPZ-054ML-15B,RGP,N1,BLK,ZPIC4,19787,"22",3
RGPZ-054ML-15B,RGP,N1,MOT,ZPRN1,19749,"6",5
RGPZ-054ML-15B,RGP,N1,MOT,ZBAK1,52282,"5",5
RGPZ-067MW-0F,RGP,K1,FIN,FOST2,26880,"80",4
RGPZ-067MW-0F,RGP,K1,CFM,RDFL,122304,"2",13
RGPZ-086MW-0E,RGP,A1,BLK,ZBLK,8116,"109",1
RGPZ-086MW-0E,RGP,A1,MOT,ZFPC,44098,"90",3
RGPZ-086MW-0E,RGP,A1,FIN,FSTB,24192,"76",5
RGPZ-086MW-0E,RGP,A1,CVC,CF,12096,"69",6
RGPZ-086MW-0E,RGP,A1,CVC,CQSTH,12096,"67",6
RGPZ-086MW-0E,RGP,A1,CVC,RCLL,45720,"42",10
RGPZ-086MW-0E,RGP,A1,CFM,RDFLV+,48384,"28",15
RGPZ-098ML-0B,RGP,N1,MOT,ZSTORE2,4871,"151",4
RGPZ-120ML-0D,RGP,N1,MOT,ZSTORE2,81980,"109",3
RGPZ-120ML-0D,RGP,A1,CVC,SMP,4880,"90",4
RGPZ-126ML-0D,RGP,N1,MOT,ZSTORE2,45305,"116",3
RGPZ-126ML-0D,RGP,N1,QA,ZIQI,5636,"115",3
RGPZ-126ML-0D,RGP,A1,FIN,FIN,6720,"109",4
RGPZ-126ML-0D,RGP,A1,CVC,SMP,26832,"94",6
RGPZ-126ML-0D,RGP,A1,CVC,CQCR,6720,"91",6
RGPZ-126ML-0D,RGP,A1,CVC,CQHPS,6720,"90",6
RGPZ-126ML-0D,RGP,A1,CFM,LSP,6720,"77",8
RGPZ-126ML-0D,RGP,A1,FIN,FBAK,6624,"73",8
RGPZ-126ML-0D,RGP,A1,CVC,CCW,13344,"72",8
RGPZ-126ML-0D,RGP,A1,CVC,CLLA,19776,"71",9
RGPZ-126ML-0D,RGP,A1,PTH,POST,6720,"69",9
RGPZ-126ML-0D,RGP,A1,CFM,AOIVT,53664,"68",9
RGPZ-126ML-0D,RGP,A1,CFM,AOIPI2,6720,"67",10
RGPZ-126ML-0D,RGP,A1,CVC,CBAK,26880,"16",20
RGPZ-126ML-0D,RGP,A1,PTH,PRL2DB,13440,"12",20
RGPZ-126ML-0D,RGP,A1,CFM,RAOIPI+,13440,"10",21
RGPZ-126ML-0D,RGP,A1,CFM,RPHP+,13440,"9",21
RGPZ-126ML-0D,RGP,A1,CFM,RDES+,13440,"6",21
RGPZ-126ML-0D,RGP,A1,CFM,KRHOLD+,40320,"5",22
RGPZ-126ML-0D,RGP,A1,CFM,RXD+,13440,"4",24
RGPZ-126ML-0D,RGP,A1,CFM,RDFL+,26880,"3",24
RGPZ-126ML-0D,RGP,A1,CFM,KROL+,13440,"1",24
RGPZ-126ML-0DL3,RGP,A1,CVC,CPIC,28416,"6",1
RGPZ-126ML-0DL3,RGP,A1,CVC,RADL,156288,"3",1
RGPZ-126ML-0DL3,RGP,A1,CFM,CFL,14208,"2",1
RGPZ-127MW-0E,RGP,A1,OTH,ZFLD1,695,"118",1
RGPZ-127MW-0E,RGP,A1,BLK,ZBLK,3769,"117",1
RGPZ-127MW-0E,RGP,A1,INT,ZINT1,12358,"105",3
RGPZ-127MW-0E,RGP,A1,MOT,ZPRN1,6376,"98",4
RGPZ-127MW-0E,RGP,A1,MOT,ZBAK1,12234,"97",4
RGPZ-127MW-0E,RGP,A1,MOT,ZFPC,108880,"96",4
RGPZ-127MW-0E,RGP,A1,FIN,FCLN,6816,"86",5
RGPZ-127MW-0E,RGP,A1,CVC,CF2,47424,"78",6
RGPZ-127MW-0E,RGP,A1,CVC,SMP,27264,"70",7
RGPZ-127MW-0E,RGP,A1,SFT,SCFR,13632,"69",7
RGPZ-127MW-0E,RGP,A1,CVC,CQSTH,6816,"66",8
RGPZ-127MW-0E,RGP,A1,CVC,RCCW,27264,"43",10
RGPZ-127MW-0E,RGP,A1,CVC,RCLL,27264,"40",11
RGPZ-127MW-0E,RGP,A1,CFM,RAOIPI+,13632,"35",13
RGPZ-127MW-0E,RGP,A1,CFM,KRHOLD+,13632,"31",14
RGPZ-127MW-0E,RGP,A1,CFM,RXD+,13632,"30",16
RGPZ-127MW-0E,RGP,A1,CFM,RDFLV+,13632,"28",16
RGPZ-143MW-1E,RGP,A1,FIN,FPIC,10880,"74",5
RGPZ-143MW-1E,RGP,A1,FIN,FSTH,10880,"70",6
RGPZ-143MW-1E,RGP,A1,CFM,KRHOLD+,43520,"31",13
RGPZ-143MW-1E,RGP,A1,PTH,RTHI+,43520,"24",16
RGPZ-143MW-2E,RGP,A1,BLK,ZBLK,14720,"22",2
RGPZ-143MW-2E,RGP,A1,INT,ZINT1,10430,"10",3
RGPZ-144MW-0C,RGP,A1,MOT,ZFPC,38998,"93",3
RGPZ-146ML-0B,RGP,A1,CVC,CF2,10720,"116",5
RGPZ-146ML-0B,RGP,A1,FIN,FPIC,36160,"114",5
RGPZ-146ML-0B,RGP,A1,FIN,FVIC,24320,"113",6
RGPZ-146ML-0B,RGP,A1,FIN,FINA,10720,"112",6
RGPZ-146ML-0B,RGP,A1,FIN,FSCAN,22880,"111",6
RGPZ-146ML-0B,RGP,A1,CVC,SMP,12160,"109",6
RGPZ-146ML-0B,RGP,A1,SFT,SCFR,35520,"108",6
RGPZ-146ML-0B,RGP,A1,CFM,LSD,11520,"88",10
RGPZ-146ML-0B,RGP,A1,CVC,CCW,43840,"80",11
RGPZ-146ML-0B,RGP,A1,PTH,PTHFL,36320,"49",18
RGPZ-146ML-0B,RGP,A1,PTH,DPPB,12160,"46",18
RGPZ-146ML-0BL3,RGP,A1,CVC,RADL,24320,"3",1
RGPZ-147ML-0B,RGP,A1,BLK,ZBLK,998,"148",2
RGPZ-147ML-0B,RGP,A1,FIN,FSTB,16000,"114",5
RGPZ-147ML-0B,RGP,A1,CVC,SMP,47360,"108",6
RGPZ-147ML-0B,RGP,A1,CFM,LSEDI2,16000,"95",8
RGPZ-147ML-0B,RGP,A1,PTH,PDS,16000,"45",18
RGPZ-158MW-0D,RGP,N1,MOT,ZBAK1,722,"104",4
RGPZ-158MW-0D,RGP,N1,MOT,ZSTORE2,10853,"103",4
RGPZ-158MW-0D,RGP,A1,FIN,FQCR,1184,"86",7
RGPZ-158MW-0D,RGP,A1,FIN,FSTH,1184,"84",7
RGPZ-158MW-0D,RGP,A1,SFT,SCFR,1184,"79",8
RGPZ-158MW-0D,RGP,A1,CVC,CF,3552,"78",8
RGPZ-158MW-0D,RGP,A1,CVC,CQSTH,3544,"76",8
RGPZ-158MW-0D,RGP,A1,PTH,RDPPI,2368,"11",21
RGPZ-158MW-0D,RGP,A1,PTH,PRMCH,2368,"5",22
RGPZ-158MW-0D,RGP,A1,PTH,RLAS,2368,"2",23
RGPZ-158MW-0D,RGP,A1,PTH,PROL,7104,"1",23
RGPZ-159MW-3C,RGP,A1,MOT,ZFPC,78795,"94",3
RGPZ-159MW-3C,RGP,A1,SFT,WAS,27160,"86",4
RGPZ-159MW-3C,RGP,A1,CVC,CQSTH,27160,"69",6
RGPZ-159MW-4C,RGP,N1,QA,ZIQI,51915,"94",3
RGPZ-159MW-8C,RGP,A1,INT,ZINT6,6460,"27",2
RGPZ-159MW-8C,RGP,A1,BLK,ZBLK,8620,"24",2
RGPZ-159MW-8C,RGP,A1,MOT,ZBAK1,13200,"2",4
RGPZ-159MW-8C,RGP,A1,MOT,ZBAK1,1354,"2",4
RGPZ-159MW-8C,RGP,A1,MOT,ZFPC,77394,"1",4
RGPZ-159MW-9C,RGP,N1,QA,ZQA,9741,"33",1
RGPZ-159MW-9C,RGP,N1,ELT,ZELT1,1373,"29",1
RGPZ-159MW-9C,RGP,N1,BLK,ZPIC2,6912,"19",2
RGPZ-159MW-9C,RGP,N1,MOT,ZPRN1,18754,"6",4
RGPZ-160MW-4C,RGP,A1,FIN,FPIC,27160,"82",4
RGPZ-160MW-4C,RGP,A1,FIN,FLAB,27160,"74",5
RGPZ-160MW-4C,RGP,A1,SFT,SCFR,54180,"73",5
RGPZ-160MW-9C,RGP,N1,MOT,ZBAK1,18062,"5",4
RGPZ-162MW-0D,RGP,N1,BLK,ZPIC3,1836,"118",3
RGPZ-162MW-0D,RGP,N1,MOT,ZBAK1,24511,"111",3
RGPZ-162MW-0D,RGP,N1,MOT,ZSTORE2,10612,"110",3
RGPZ-162MW-0D,RGP,N1,MOT,ZSTORE2,65034,"104",3
RGPZ-212MW-0E,RGP,N1,OTH,ZPDS,4177,"106",3
RGPZ-212MW-0E,RGP,N1,BLK,ZPIC2,8097,"105",3
RGPZ-212MW-0E,RGP,N1,INT,ZINT1,604,"104",3
RGPZ-212MW-0E,RGP,N1,INT,ZINT1,495,"104",3
RGPZ-212MW-0E,RGP,N1,MOT,ZSTORE2,2177,"97",4
RGPZ-212MW-0E,RGP,N1,MOT,ZSTORE2,970,"97",4
RGPZ-212MW-0E,RGP,N1,MOT,ZSTORE2,53,"93",4
RGPZ-212MW-0E,RGP,A1,FIN,FOST2,7008,"85",6
RGPZ-212MW-0E,RGP,A1,CFM,RLSB2,7008,"52",11
RGPZ-212MW-0E,RGP,A1,CFM,RLSD,7008,"51",11
RGPZ-212MW-0E,RGP,A1,CFM,RAOIVT+,14016,"36",14
RGPZ-212MW-0E,RGP,A1,CFM,RDES2+,7008,"31",15
RGPZ-212MW-0E,RGP,A1,CFM,RDFLV+,7008,"27",17
RGPZ-212MW-0E,RGP,A1,PTH,REW5+,7008,"21",18
RGPZ-212MW-0E,RGP,A1,CFM,RDEV+,7008,"20",19
RGPZ-212MW-0E,RGP,A1,PTH,RLASC+,14016,"6",21
RGPZ-212MW-0E,RGP,A1,PTH,REW+,14016,"5",21
RGPZ-212MW-0E,RGP,A1,CFM,RDES+,42048,"4",22
RGPZ-227ML-0E,RGP,N1,MOT,ZSTORE2,242783,"120",3
RGPZ-227ML-0E,RGP,N1,MOT,ZSTORE2,10904,"120",3
RGPZ-227ML-0E,RGP,K1,CFM,KRHOLD2,50400,"57",12
RGPZ-227ML-0E,RGP,K1,CFM,RXD2,22720,"56",13
RGPZ-227ML-0E,RGP,K1,CFM,RDFLV,64160,"54",13
RGPZ-227ML-0E,RGP,K1,CFM,COND,17920,"51",13
RGPZ-227ML-0E,RGP,K1,CFM,STRP,37200,"50",13
RGPZ-227ML-0E,RGP,K1,PTH,PTH_H,22720,"47",14
RGPZ-227ML-0E,RGP,K1,PTH,PTHFL,22720,"40",15
RGPZ-227ML-0E,RGP,K1,CFM,CUTA,22720,"13",19
RGPZ-227ML-0E,RGP,K1,CFM,RPHP,11360,"7",21
RGPZ-227ML-0EL3,RGP,K1,CVC,CADL,11360,"6",1
RGPZ-227ML-1E,RGP,N1,BLK,ZBLK,42213,"12",2
RGPZ-227ML-1E,RGP,N1,MOT,ZBAK1,83627,"5",3
RGPZ-228ML-0E,RGP,A1,FIN,FOST2,28992,"114",3
RGPZ-228ML-0E,RGP,A1,SFT,SCFR,30720,"101",4
RGPZ-228ML-0E,RGP,A1,CVC,CQBAK,30720,"100",5
RGPZ-228ML-0E,RGP,A1,CVC,CQCR,30720,"99",5
RGPZ-228ML-0E,RGP,A1,CVC,CQHPS,30720,"98",5
RGPZ-228ML-0E,RGP,A1,CFM,CUTA2+,30720,"87",6
RGPZ-228ML-0E,RGP,A1,CFM,R2D,30720,"80",7
RGPZ-228ML-0E,RGP,A1,CVC,RCCW,30336,"74",8
RGPZ-228ML-0E,RGP,A1,CFM,RDEV+,122880,"53",13
RGPZ-228ML-0E,RGP,A1,CFM,RDFL2+,122880,"50",13
RGPZ-228ML-0E,RGP,A1,PTH,RPTHFL+,61440,"49",13
RGPZ-228ML-0E,RGP,A1,PTH,RDPP+,184320,"45",14
RGPZ-228ML-0E,RGP,A1,PTH,RLASC+,61440,"38",15
RGPZ-228ML-0E,RGP,A1,PTH,REW2+,30720,"37",15
RGPZ-228ML-0E,RGP,A1,PTH,RSL+,30720,"36",15
RGPZ-228ML-0E,RGP,A1,CVC,CSCAN,61440,"22",19
RGPZ-228ML-0E,RGP,A1,CVC,CFM,30720,"21",19
RGPZ-228ML-0E,RGP,A1,CVC,CCFR,30720,"19",19
RGPZ-228ML-0E,RGP,A1,CFM,RCSC+,61440,"10",21
RGPZ-228ML-0E,RGP,A1,PTH,PRP2DB,61440,"9",21
RGPZ-228ML-1E,RGP,A1,BLK,ZBLK,22215,"12",2
RGPZ-234ML-3C,RGP,A1,MOT,ZFPC,108388,"106",3
RGPZ-234ML-3C,RGP,A1,FIN,FPIC2,38912,"91",6
RGPZ-234ML-3C,RGP,A1,FIN,GRADE,76288,"90",6
RGPZ-244NL-0C,RGP,A1,MOT,ZFPC,778856,"97",3
RGPZ-244NL-0C,RGP,A1,FIN,FIN,48640,"92",3
RGPZ-244NL-0C,RGP,A1,FIN,FPIC2,80640,"87",4
RGPZ-244NL-0C,RGP,A1,FIN,FLAU,47040,"85",4
RGPZ-244NL-0C,RGP,A1,SFT,SPDS,48640,"77",6
RGPZ-291ML-0D,RGP,N1,MOT,ZSTORE2,54043,"124",3
RGPZ-291ML-0D,RGP,N1,MOT,ZSTORE2,2295,"121",3
RGPZ-291ML-0D,RGP,A1,FIN,FIN,13360,"117",4
RGPZ-291ML-0D,RGP,A1,FIN,FINA,12000,"116",4
RGPZ-291ML-0D,RGP,A1,FIN,FPINA,12000,"115",4
RGPZ-291ML-0D,RGP,A1,FIN,FOST,12000,"111",5
RGPZ-291ML-0D,RGP,A1,SFT,SCHS,12000,"97",6
RGPZ-291ML-0D,RGP,A1,SFT,SPDS,212080,"96",6
RGPZ-291ML-0D,RGP,A1,SFT,RMI,311120,"95",6
RGPZ-291ML-0D,RGP,A1,CFM,S2D,12000,"89",7
RGPZ-291ML-0D,RGP,A1,CFM,LSPB,12000,"88",7
RGPZ-291ML-0D,RGP,A1,CFM,LSP,48000,"87",7
RGPZ-291ML-0D,RGP,A1,CFM,CSC,371120,"86",7
RGPZ-291ML-0D,RGP,A1,PTH,RPTH_H+,1600,"53",13
RGPZ-291ML-0DL3,RGP,A1,CVC,CADL,24000,"6",1
RGPZ-291ML-1D,RGP,N1,QA,ZQA1,610,"19",1
RGPZ-291ML-1D,RGP,N1,INT,ZFIN,1912,"17",1
RGPZ-291ML-1D,RGP,N1,OTH,ZPDS,8822,"16",1
RGPZ-291ML-1D,RGP,N1,ELT,ZELT1,21750,"14",2
RGPZ-291ML-1D,RGP,N1,INT,ZINT2,9316,"13",2
RGPZ-291ML-1D,RGP,N1,BLK,ZBLK,10767,"12",2
RGPZ-291ML-1D,RGP,N1,INT,ZINT1,10844,"11",2
RGPZ-291ML-1D,RGP,N1,MOT,ZPRN1,14857,"6",3
RGPZ-291ML-1D,RGP,N1,MOT,ZBAK1,101688,"5",3
RGPZ-299NL-0C,RGP,A1,MOT,ZBAK1,17428,"127",3
RGPZ-299NL-0C,RGP,A1,MOT,ZFPC,16635,"126",3
RGPZ-299NL-0C,RGP,A1,FIN,FSTH,9088,"109",5
RGPZ-299NL-0C,RGP,A1,PTH,RLAS+,36352,"36",18
RGPZ-299NL-0C,RGP,A1,PTH,REW2+,90880,"33",19
RGPZ-299NL-0C,RGP,A1,PTH,RSL+,9088,"32",19
RGPZ-299NL-0C,RGP,A1,CFM,CONL,9088,"30",19
RGPZ-299NL-0C,RGP,A1,CFM,KRHOLD+,72704,"5",23
RGPZ-299NL-0CL1,RGP,A1,CVC,CADL,59904,"6",1
RGPZ-299NL-0CL1,RGP,A1,CVC,CPIC,9984,"5",1
RGPZ-299NL-0CL1,RGP,A1,CVC,CCUT/,39936,"3",1
RGPZ-300NL-0C,RGP,A1,MOT,ZFPC,33901,"128",4
RGPZ-300NL-0C,RGP,A1,SFT,SPDS,14736,"98",7
RGPZ-300NL-0C,RGP,A1,CFM,CSC3,29472,"90",8
RGPZ-300NL-0C,RGP,A1,CVC,CCW,6096,"86",9
RGPZ-300NL-0C,RGP,A1,CVC,CLLA,6864,"85",9
RGPZ-300NL-0C,RGP,A1,PTH,REW2+,29568,"33",21
RGPZ-300NL-0CL1,RGP,A1,CVC,CADL,40800,"6",1
RGPZ-303ML-0F,RGP,N1,QA,ZQA1,1200,"152",1
RGPZ-303ML-0F,RGP,N1,ELT,ZELT1,7782,"149",1
RGPZ-303ML-0F,RGP,N1,INT,ZINT3,7911,"147",2
RGPZ-303ML-0F,RGP,N1,MOT,ZPRN1,7983,"133",3
RGPZ-303ML-0F,RGP,N1,MOT,ZBAK1,25579,"132",3
RGPZ-303ML-0F,RGP,N1,QA,ZIQI,11415,"130",3
RGPZ-303ML-0F,RGP,A1,FIN,FOST2,8176,"121",5
RGPZ-303ML-0F,RGP,A1,FIN,FCLN,8176,"120",5
RGPZ-303ML-0F,RGP,A1,FIN,FBAK,15960,"117",5
RGPZ-303ML-0F,RGP,A1,FIN,FSTB,8400,"115",6
RGPZ-303ML-0F,RGP,A1,CVC,CQCR,8176,"108",7
RGPZ-303ML-0F,RGP,A1,CVC,CQHPS,8344,"107",7
RGPZ-303ML-0F,RGP,A1,CVC,CQSTH,32200,"106",8
RGPZ-303ML-0F,RGP,A1,SFT,ELGOP,7448,"103",8
RGPZ-303ML-0F,RGP,A1,CFM,LSD2,8064,"97",9
RGPZ-303ML-0F,RGP,A1,CFM,LSEDI,16688,"96",9
RGPZ-303ML-0F,RGP,A1,CFM,LSPB2,7560,"95",9
RGPZ-303ML-0F,RGP,A1,CFM,LSP2,15680,"94",9
RGPZ-303ML-0F,RGP,A1,CVC,CINP+,8400,"83",11
RGPZ-303ML-0F,RGP,A1,CFM,KRHOLD2-,67032,"65",15
RGPZ-303ML-0F,RGP,A1,CFM,RDFLV-,41028,"62",16
RGPZ-303ML-0F,RGP,A1,CFM,RMCH2-,16800,"61",16
RGPZ-303ML-0F,RGP,A1,CFM,RSTRP-,73808,"60",16
RGPZ-303ML-0F,RGP,A1,PTH,RTHI,25200,"58",17
RGPZ-303ML-0F,RGP,A1,PTH,RPTH,8288,"57",17
RGPZ-303ML-0F,RGP,A1,CFM,RDEV+,92064,"56",17
RGPZ-303ML-0F,RGP,A1,CFM,RXLT+,25200,"55",17
RGPZ-303ML-0F,RGP,A1,CFM,KR2D2+,8400,"54",17
RGPZ-303ML-0F,RGP,A1,CFM,RDFL2+,38920,"53",17
RGPZ-303ML-0F,RGP,A1,PTH,RPTHFL+,16800,"52",18
RGPZ-303ML-0F,RGP,A1,PTH,RDPPI2+,8400,"51",18
RGPZ-303ML-0F,RGP,A1,PTH,RDPPI+,8400,"50",18
RGPZ-303ML-0F,RGP,A1,PTH,REW5+,16800,"49",18
RGPZ-303ML-0F,RGP,A1,PTH,RDPPB+,30016,"48",18
RGPZ-303ML-0F,RGP,A1,PTH,PBAK+,16744,"44",19
RGPZ-303ML-0F,RGP,A1,PTH,RLASC+,33600,"39",20
RGPZ-303ML-0F,RGP,A1,PTH,REW+,58632,"38",21
RGPZ-303ML-0F,RGP,A1,CFM,RCSC2+,8400,"34",21
RGPZ-303ML-0F,RGP,A1,CFM,DES,50400,"30",22
RGPZ-303ML-0F,RGP,A1,CFM,RXLV,8400,"29",22
RGPZ-303ML-0F,RGP,A1,PTH,NCI,8400,"25",23
RGPZ-303ML-0F,RGP,A1,PTH,CNC,42000,"24",23
RGPZ-303ML-0F,RGP,A1,PTH,PHX,50400,"23",23
RGPZ-303ML-0F,RGP,A1,CVC,CVIC,25200,"21",24
RGPZ-303ML-0F,RGP,A1,CVC,CFM,16800,"20",24
RGPZ-303ML-0F,RGP,A1,CVC,CVL,16800,"17",24
RGPZ-303ML-0F,RGP,A1,CFM,KRHOLD-,58800,"6",27
RGPZ-303ML-0F,RGP,A1,CFM,RXD-,16800,"5",28
RGPZ-303ML-0F,RGP,A1,CFM,RDFL-,33600,"4",28
RGPZ-303ML-0F,RGP,A1,PTH,PRP2DB,50400,"2",28
RGPZ-303ML-0FL3,RGP,A1,CVC,CRPHP,34048,"5",1
RGPZ-303ML-0FL3,RGP,A1,CVC,RADL,102144,"3",1
RGPZ-303ML-0FL3,RGP,A1,CFM,CFL,51072,"2",1
RGPZ-314ML-0C,RGP,N1,QA,ZQA1,26170,"142",1
RGPZ-314ML-0C,RGP,N1,QA,ZQAE,279,"141",1
RGPZ-314ML-0C,RGP,N1,MOT,ZSTORE2,89439,"127",3
RGPZ-314ML-0C,RGP,A1,FIN,FIN,38400,"120",4
RGPZ-314ML-0C,RGP,A1,FIN,FSTB,76032,"107",5
RGPZ-315ML-0D,RGP,A1,INT,ZINT2,6111,"130",2
RGPZ-315ML-0D,RGP,A1,BLK,ZBLK,18224,"128",2
RGPZ-315ML-0D,RGP,A1,INT,ZINT1,122885,"127",3
RGPZ-315ML-0D,RGP,A1,FIN,FIN,30336,"112",4
RGPZ-315ML-0D,RGP,A1,FIN,FPIC2,30336,"102",5
RGPZ-315ML-0D,RGP,A1,FIN,GRADE,30336,"101",5
RGPZ-315ML-0D,RGP,A1,CVC,SMPJ,30336,"96",6
RGPZ-315ML-0D,RGP,A1,CFM,CUTA3+,30336,"88",7
RGPZ-315ML-0D,RGP,A1,CFM,RLSB2,30336,"87",7
RGPZ-315ML-0D,RGP,A1,CVC,RCLL,30336,"74",8
RGPZ-315ML-0D,RGP,A1,CFM,RCSC2+,29952,"73",9
RGPZ-315ML-0D,RGP,A1,SFT,PKR,60672,"71",9
RGPZ-315ML-0D,RGP,A1,CFM,RSTRP+,60672,"55",13
RGPZ-315ML-0D,RGP,A1,CFM,RDEV+,60672,"51",14
RGPZ-315ML-0D,RGP,A1,CFM,RDFL+,30336,"48",14
RGPZ-315ML-0D,RGP,A1,PTH,RPTHFL+,91008,"47",14
RGPZ-315ML-0D,RGP,A1,PTH,RDPPI+,30336,"45",14
RGPZ-315ML-0D,RGP,A1,PTH,RDPPB+,140160,"43",15
RGPZ-315ML-0D,RGP,A1,PTH,PBAK+,60672,"39",15
RGPZ-315ML-0D,RGP,A1,PTH,RLASC+,60672,"34",16
RGPZ-315ML-0D,RGP,A1,PTH,REW+,242496,"33",16
RGPZ-315ML-0D,RGP,A1,PTH,RSL+,60672,"32",17
RGPZ-315ML-0D,RGP,A1,CFM,KRHOLD-,121344,"6",23
RGPZ-315ML-0DL1,RGP,A1,CVC,CADL,30336,"6",1
RGPZ-315ML-0DL1,RGP,A1,CFM,CFL,121344,"2",1
RGPZ-315ML-1D,RGP,A1,MOT,ZBAK1,26209,"2",3
RGPZ-315ML-1D,RGP,A1,MOT,ZFPC,86495,"1",3
RGPZ-320ML-0D,RGP,N1,MOT,ZSTORE1,30790,"126",3
RGPZ-345MW-0D,RGP,N1,QA,ZQA1,1379,"112",1
RGPZ-345MW-0D,RGP,N1,QA,ZQAE,5429,"111",1
RGPZ-345MW-0D,RGP,N1,ELT,ZELT1,21655,"109",2
RGPZ-345MW-0D,RGP,N1,BLK,ZBLK,5460,"107",2
RGPZ-345MW-0D,RGP,N1,BLK,ZPIC2,5564,"106",2
RGPZ-345MW-0D,RGP,N1,OTH,ZPDS,27922,"100",2
RGPZ-345MW-0D,RGP,N1,MOT,ZPRN1,5591,"94",3
RGPZ-345MW-0D,RGP,N1,MOT,ZBAK1,115358,"93",3
RGPZ-345MW-0D,RGP,N1,QA,ZIQI,28359,"91",3
RGPZ-345MW-0D,RGP,A1,FIN,FIN,18432,"85",5
RGPZ-345MW-0D,RGP,A1,FIN,FINA,6048,"83",5
RGPZ-345MW-0D,RGP,A1,FIN,FOST2,24528,"81",5
RGPZ-345MW-0D,RGP,A1,FIN,FBAK,6144,"77",5
RGPZ-345MW-0D,RGP,A1,FIN,FQCR,6144,"76",5
RGPZ-345MW-0D,RGP,A1,FIN,FSTB,73104,"75",6
RGPZ-345MW-0D,RGP,A1,FIN,FPIC,93072,"74",6
RGPZ-345MW-0D,RGP,A1,FIN,FSCAN,6144,"72",6
RGPZ-345MW-0D,RGP,A1,FIN,FLAB,73728,"71",7
RGPZ-345MW-0D,RGP,A1,CVC,SMP,47808,"69",7
RGPZ-345MW-0D,RGP,A1,SFT,SCFR,98016,"68",7
RGPZ-345MW-0D,RGP,A1,CVC,CF,42960,"67",8
RGPZ-345MW-0D,RGP,A1,CVC,CQHPS,6144,"66",8
RGPZ-345MW-0D,RGP,A1,CVC,CQSTH,245712,"65",8
RGPZ-345MW-0D,RGP,A1,SFT,ELGOP,17568,"62",9
RGPZ-345MW-0D,RGP,A1,CVC,CINP+,129024,"58",10
RGPZ-345MW-0D,RGP,A1,CFM,CUTA+,36864,"55",10
RGPZ-345MW-0D,RGP,A1,CFM,RBMP+,55152,"54",10
RGPZ-345MW-0D,RGP,A1,CFM,LRPHP#,73632,"53",10
RGPZ-345MW-0D,RGP,A1,CFM,RCSC2+,55296,"48",11
RGPZ-345MW-0D,RGP,A1,CFM,R2D,30720,"47",12
RGPZ-345MW-0D,RGP,A1,CFM,RLSB,18432,"43",12
RGPZ-345MW-0D,RGP,A1,CVC,RCCW,92160,"42",12
RGPZ-345MW-0D,RGP,A1,CVC,RCLL,73728,"39",13
RGPZ-345MW-0D,RGP,A1,PTH,RPOST,36864,"37",13
RGPZ-345MW-0D,RGP,A1,CFM,RAOIVT+,21312,"36",14
RGPZ-345MW-0D,RGP,A1,CFM,RDES2+,91200,"31",14
RGPZ-345MW-0D,RGP,A1,CFM,KRHOLD+,129024,"30",15
RGPZ-345MW-0D,RGP,A1,CFM,RXD+,18432,"29",16
RGPZ-345MW-0D,RGP,A1,CFM,RDFLV+,107520,"27",16
RGPZ-345MW-0D,RGP,A1,CFM,RMME+,72912,"26",16
RGPZ-345MW-0D,RGP,A1,CFM,RSTRP+,18432,"25",17
RGPZ-345MW-0D,RGP,A1,PTH,RPTH_H+,36864,"22",17
RGPZ-345MW-0D,RGP,A1,PTH,RLASC+,18432,"6",21
RGPZ-345MW-0D,RGP,A1,PTH,REW+,153600,"5",21
RGPZ-345MW-0D,RGP,A1,CFM,RDES+,110592,"4",21
RGPZ-345MW-0D,RGP,A1,CFM,RXLV+,18432,"3",22
RGPZ-345MW-0D,RGP,A1,CFM,RDFL+,55296,"2",22
RGPZ-346MW-0D,RGP,N1,QA,ZQA,513,"113",1
RGPZ-346MW-0D,RGP,N1,INT,ZINT3,11971,"109",2
RGPZ-346MW-0D,RGP,N1,LAM,ZADL1,11326,"103",2
RGPZ-346MW-0D,RGP,N1,OTH,ZPDS,58558,"102",2
RGPZ-346MW-0D,RGP,N1,MOT,ZPRN1,11186,"96",3
RGPZ-346MW-0D,RGP,N1,MOT,ZBAK1,23749,"95",3
RGPZ-346MW-0D,RGP,N1,MOT,ZSTORE2,11410,"94",3
RGPZ-346MW-0D,RGP,N1,QA,ZIQI,11279,"93",3
RGPZ-346MW-0D,RGP,N1,MOT,ZFPC,11686,"91",4
RGPZ-346MW-0D,RGP,A1,FIN,FIN,24264,"86",4
RGPZ-346MW-0D,RGP,A1,FIN,FOST2,50616,"81",5
RGPZ-346MW-0D,RGP,A1,FIN,FBAK,12672,"77",5
RGPZ-346MW-0D,RGP,A1,FIN,FQCR,12672,"76",5
RGPZ-346MW-0D,RGP,A1,FIN,FSTB,114048,"75",6
RGPZ-346MW-0D,RGP,A1,FIN,FPIC,23760,"74",6
RGPZ-346MW-0D,RGP,A1,FIN,FSCAN,38016,"72",6
RGPZ-346MW-0D,RGP,A1,FIN,FLAB,75888,"71",7
RGPZ-346MW-0D,RGP,A1,CVC,SMP,63000,"69",7
RGPZ-346MW-0D,RGP,A1,SFT,SCFR,75888,"68",7
RGPZ-346MW-0D,RGP,A1,CVC,CF,76032,"67",8
RGPZ-346MW-0D,RGP,A1,CVC,CQHPS,12672,"66",8
RGPZ-346MW-0D,RGP,A1,CVC,CQSTH,38016,"65",8
RGPZ-346MW-0D,RGP,A1,CVC,CINP+,126720,"58",10
RGPZ-346MW-0D,RGP,A1,CFM,RBMP+,100872,"54",10
RGPZ-346MW-0D,RGP,A1,CFM,LRPHP#,76032,"53",10
RGPZ-346MW-0D,RGP,A1,CFM,RLSE,50688,"50",11
RGPZ-346MW-0D,RGP,A1,CVC,RCCW,126720,"42",12
RGPZ-346MW-0D,RGP,A1,CVC,RCLL2,25344,"40",13
RGPZ-346MW-0D,RGP,A1,CVC,RCLL,49248,"39",13
RGPZ-346MW-0D,RGP,A1,PTH,RPOST,50688,"37",13
RGPZ-346MW-0D,RGP,A1,CFM,RAOIVT+,76032,"36",14
RGPZ-346MW-0D,RGP,A1,CFM,RAOIPI2+,25344,"35",14
RGPZ-346MW-0D,RGP,A1,CFM,RDES2+,25344,"31",14
RGPZ-346MW-0D,RGP,A1,CFM,KR2D2+,25344,"28",16
RGPZ-346MW-0D,RGP,A1,CFM,RSTRP+,101376,"25",17
RGPZ-346MW-0D,RGP,A1,PTH,RDPP+,50688,"14",19
RGPZ-346MW-0D,RGP,A1,PTH,RLASC+,50688,"6",21
RGPZ-346MW-0D,RGP,A1,PTH,REW+,76032,"5",21
RGPZ-346MW-0D,RGP,A1,CFM,RDES+,177408,"4",21
RGPZ-346MW-0D,RGP,A1,CFM,RXLV+,25344,"3",22
RGPZ-346MW-0D,RGP,A1,CFM,RDFL+,50688,"2",22
RGPZ-357ML-0C,RGP,A1,MOT,ZFPC,134702,"117",4
RGPZ-357ML-0C,RGP,A1,FIN,FPINA,19456,"109",4
RGPZ-357ML-0C,RGP,A1,FIN,FCLN,19456,"104",4
RGPZ-357ML-0C,RGP,A1,FIN,FQCR,19328,"99",5
RGPZ-357ML-0C,RGP,A1,FIN,FSTB,133248,"98",5
RGPZ-357ML-0C,RGP,A1,FIN,FVIC,19456,"96",5
RGPZ-357ML-0C,RGP,A1,FIN,FLAB,19456,"95",5
RGPZ-357ML-0C,RGP,A1,CFM,CUTA+,77824,"79",8
RGPZ-357ML-0C,RGP,A1,CVC,RCLL,77824,"63",10
RGPZ-357ML-0C,RGP,A1,CFM,RDFL3+,38912,"42",15
RGPZ-357ML-0C,RGP,A1,PTH,RPTHFL+,38912,"41",15
RGPZ-357ML-0C,RGP,A1,PTH,REW4+,38912,"38",16
RGPZ-357ML-0C,RGP,A1,PTH,RDPPB+,38912,"37",16
RGPZ-357ML-0CL3,RGP,A1,CFM,CFL,77824,"2",1
RGPZ-357ML-1C,RGP,A1,BLK,ZBLK,15872,"12",2
RGPZ-357ML-1C,RGP,A1,INT,ZINT1,74946,"11",2
RGPZ-357ML-1C,RGP,A1,MOT,ZFPC,38398,"1",3
RGPZ-357ML-4C,RGP,A1,MOT,ZFPC,9195,"114",3
RGPZ-378MW-0G,RGP,N1,QA,ZQA1,75,"132",1
RGPZ-378MW-0G,RGP,N1,QA,ZQAE,1285,"131",1
RGPZ-378MW-0G,RGP,N1,INT,ZINT2,1760,"121",2
RGPZ-378MW-0G,RGP,N1,LAM,ZADL1,996,"117",2
RGPZ-378MW-0G,RGP,N1,OTH,ZPDS,1868,"116",2
RGPZ-378MW-0G,RGP,N1,MOT,ZPRN1,3379,"109",3
RGPZ-378MW-0G,RGP,N1,MOT,ZBAK1,908,"108",3
RGPZ-378MW-0G,RGP,N1,MOT,ZSTORE2,516,"107",3
RGPZ-378MW-0G,RGP,N1,MOT,ZSTORE2,79,"106",3
RGPZ-378MW-0G,RGP,A1,FIN,FIN,352,"100",4
RGPZ-378MW-0G,RGP,A1,CVC,CINP+,2304,"53",10
RGPZ-378MW-0H,RGP,N1,MOT,ZBAK1,231,"109",4
RGPZ-378MW-0H,RGP,N1,MOT,ZSTORE2,3556,"108",4
RGPZ-378MW-0H,RGP,N1,QA,ZIQI,877,"107",4
RGPZ-378MW-0H,RGP,N1,QA,ZIQI,905,"105",3
RGPZ-378MW-0H,RGP,N1,MOT,ZFPC,960,"103",4
RGPZ-378MW-0H,RGP,A1,FIN,FINA2,1104,"98",4
RGPZ-378MW-0H,RGP,A1,FIN,FOST2,1152,"95",4
RGPZ-378MW-0H,RGP,A1,FIN,FOST,2304,"93",5
RGPZ-378MW-0H,RGP,A1,FIN,FLAB,1152,"90",5
RGPZ-378MW-0H,RGP,A1,FIN,FBAK2,1152,"89",5
RGPZ-378MW-0H,RGP,A1,FIN,FQCR2,2304,"88",5
RGPZ-378MW-0H,RGP,A1,FIN,FSTB,1152,"87",5
RGPZ-378MW-0H,RGP,A1,FIN,FCLN,1152,"86",5
RGPZ-378MW-0H,RGP,A1,FIN,FBAK,1120,"84",6
RGPZ-378MW-0H,RGP,A1,FIN,FHPS,1144,"82",6
RGPZ-378MW-0H,RGP,A1,FIN,FSTH,1152,"81",6
RGPZ-378MW-0H,RGP,A1,CVC,SMPJ,2304,"79",7
RGPZ-378MW-0H,RGP,A1,SFT,SCFR,5736,"77",8
RGPZ-378MW-0H,RGP,A1,CVC,CF,8915,"76",8
RGPZ-378MW-0H,RGP,A1,CVC,CSTHA,8048,"74",8
RGPZ-378MW-0H,RGP,A1,SFT,SGOP,3456,"70",9
RGPZ-378MW-0H,RGP,A1,CVC,CPBAK4,3408,"68",9
RGPZ-378MW-0H,RGP,A1,CVC,PMI4,7944,"67",9
RGPZ-378MW-0H,RGP,A1,CVC,PMI3,6912,"65",9
RGPZ-378MW-0H,RGP,A1,SFT,ELGOP,2304,"62",10
RGPZ-378MW-0H,RGP,A1,SFT,SCHS,3456,"61",10
RGPZ-378MW-0H,RGP,A1,CVC,CPBAK2,5760,"60",10
RGPZ-378MW-0H,RGP,A1,CVC,PMI2,6912,"59",10
RGPZ-378MW-0H,RGP,A1,CVC,CPBAK,2304,"58",10
RGPZ-378MW-0H,RGP,A1,CVC,PMI,3456,"57",10
RGPZ-378MW-0H,RGP,A1,SFT,SPDS,13680,"56",10
RGPZ-378MW-0H,RGP,A1,FIN,FVIC,12672,"55",11
RGPZ-378MW-0H,RGP,A1,CVC,CINP+,30880,"51",11
RGPZ-378MW-0H,RGP,A1,CFM,CUTA+,13776,"48",11
RGPZ-378MW-0H,RGP,A1,CFM,RBMP+,20656,"47",11
RGPZ-378MW-0H,RGP,A1,CFM,LRPHP#,4608,"46",11
RGPZ-378MW-0H,RGP,A1,CFM,RLSB2,2304,"45",11
RGPZ-378MW-0H,RGP,A1,CFM,RLSD,9176,"44",12
RGPZ-378MW-0H,RGP,A1,CFM,RLSP,6864,"42",12
RGPZ-378MW-0H,RGP,A1,CFM,RCSC2+,2304,"41",12
RGPZ-378MW-0H,RGP,A1,CFM,KREW,6912,"38",13
RGPZ-378MW-0H,RGP,A1,CVC,RCCW,23040,"37",13
RGPZ-378MW-0H,RGP,A1,CVC,RCLL,46032,"34",14
RGPZ-378MW-0H,RGP,A1,CFM,RCSC+,4608,"33",15
RGPZ-378MW-0H,RGP,A1,PTH,RPOST,2304,"32",15
RGPZ-378MW-0H,RGP,A1,CFM,RDES+,2304,"26",16
RGPZ-378MW-0H,RGP,A1,CFM,KRHOLD+,13824,"25",16
RGPZ-378MW-0H,RGP,A1,CFM,RDFLV#,13824,"22",19
RGPZ-378MW-0H,RGP,A1,CFM,RMME+,20736,"21",19
RGPZ-378MW-0H,RGP,A1,CFM,RSTRP-,13776,"20",19
RGPZ-378MW-0H,RGP,A1,PTH,RTHI,2304,"18",19
RGPZ-378MW-0H,RGP,A1,PTH,REW4,2304,"16",20
RGPZ-378MW-0H,RGP,A1,CFM,RDEV-,6912,"15",20
RGPZ-378MW-0H,RGP,A1,CFM,RDFL,2304,"12",20
RGPZ-378MW-0H,RGP,A1,PTH,RDPPI,27648,"11",21
RGPZ-378MW-0H,RGP,A1,PTH,RDPP,4608,"9",21
RGPZ-378MW-0H,RGP,A1,PTH,REW2+,4608,"8",21
RGPZ-378MW-0H,RGP,A1,PTH,RPDS+,4608,"7",21
RGPZ-378MW-0H,RGP,A1,PTH,REW+,6912,"6",21
RGPZ-378MW-0H,RGP,A1,PTH,RLAS,11520,"2",22
RGPZ-378MW-0H,RGP,A1,PTH,PROL,16128,"1",22
RGPZ-378MW-2G,RGP,N1,QA,ZQAE,240,"29",1
RGPZ-378MW-2G,RGP,N1,BLK,ZBLK,4491,"20",2
RGPZ-378MW-2G,RGP,N1,BLK,ZPIC2,1787,"13",3
RGPZ-378MW-2G,RGP,N1,INT,ZINT1,2772,"11",3
RGPZ-381MW-0G,RGP,N1,MOT,ZPRN1,1123,"109",3
RGPZ-381MW-0G,RGP,N1,MOT,ZBAK1,1074,"108",3
RGPZ-381MW-0G,RGP,N1,MOT,ZSTORE2,12,"107",3
RGPZ-381MW-0G,RGP,N1,MOT,ZSTORE2,16,"106",3
RGPZ-381MW-0G,RGP,N1,MOT,ZSTORE2,62,"105",3
RGPZ-381MW-0G,RGP,A1,FIN,FIN,1960,"100",4
RGPZ-381MW-0G,RGP,A1,FIN,FOST2,120,"95",4
RGPZ-381MW-0G,RGP,A1,CVC,PMI,1312,"56",9
RGPZ-381MW-0G,RGP,A1,CVC,CINP+,3936,"51",10
RGPZ-381MW-0H,RGP,N1,MOT,ZSTORE2,323,"106",3
RGPZ-381MW-0H,RGP,A1,FIN,FQCR,1312,"82",6
RGPZ-381MW-0H,RGP,A1,FIN,FSTH,2624,"80",6
RGPZ-381MW-0H,RGP,A1,CVC,CQHPS,2624,"74",7
RGPZ-381MW-0H,RGP,A1,CVC,CSTHA,1304,"73",7
RGPZ-381MW-0H,RGP,A1,SFT,RMI2,1280,"71",8
RGPZ-381MW-0H,RGP,A1,SFT,SGOP,3896,"69",8
RGPZ-381MW-0H,RGP,A1,CVC,PMI3,13088,"64",8
RGPZ-381MW-0H,RGP,A1,SFT,RMI,1296,"63",9
RGPZ-381MW-0H,RGP,A1,SFT,ELGOP,1312,"62",10
RGPZ-381MW-0H,RGP,A1,SFT,SCHS,7824,"60",9
RGPZ-381MW-0H,RGP,A1,CVC,PMI,22240,"57",10
RGPZ-381MW-0H,RGP,A1,CVC,PMI,7720,"56",9
RGPZ-381MW-0H,RGP,A1,SFT,SPDS,10496,"56",10
RGPZ-381MW-0H,RGP,A1,CVC,CINP+,11808,"51",11
RGPZ-381MW-0H,RGP,A1,CFM,CUTA+,2608,"48",11
RGPZ-381MW-0H,RGP,A1,CFM,RBMP+,2440,"47",11
RGPZ-381MW-0H,RGP,A1,CFM,LRPHP#,5216,"46",11
RGPZ-381MW-0H,RGP,A1,CFM,RLSD,5224,"44",12
RGPZ-381MW-0H,RGP,A1,CFM,RLSE,5248,"43",12
RGPZ-381MW-0H,RGP,A1,CFM,RLSP,2624,"42",12
RGPZ-381MW-0H,RGP,A1,CFM,RCSC2+,7872,"41",12
RGPZ-381MW-0H,RGP,A1,CFM,KREW,2624,"38",13
RGPZ-381MW-0H,RGP,A1,CVC,RCCW,20992,"37",13
RGPZ-381MW-0H,RGP,A1,CVC,RCLL,10496,"34",14
RGPZ-381MW-0H,RGP,A1,CFM,RAOIVT+,2624,"31",15
RGPZ-381MW-0H,RGP,A1,CFM,RSTRP-,2624,"20",19
RGPZ-381MW-0H,RGP,A1,CFM,RDEV-,2624,"15",20
RGPZ-381MW-0H,RGP,A1,PTH,RDPPI,5248,"11",21
RGPZ-381MW-0H,RGP,A1,PTH,RDPP,2624,"9",21
RGPZ-381MW-0H,RGP,A1,PTH,RPDS+,2624,"7",21
RGPZ-381MW-0H,RGP,A1,PTH,RLAS,2624,"2",22
RGPZ-381MW-0H,RGP,A1,PTH,PROL,2624,"1",22
RGPZ-381MW-1G,RGP,N1,QA,ZQAE,2758,"28",1
RGPZ-381MW-1G,RGP,N1,ELT,ZELT1,1239,"26",2
RGPZ-381MW-1G,RGP,N1,BLK,ZBLK,3129,"19",2
RGPZ-381MW-1G,RGP,N1,BLK,ZPIC2,1055,"12",3
RGPZ-381MW-1G,RGP,N1,MOT,ZBAK1,4217,"5",4
RGPZ-381MW-3G,RGP,N1,QA,ZQAE,887,"29",1
RGPZ-384MW-0D,RGP,A1,MOT,ZFPC,195373,"92",3
RGPZ-384MW-0E,RGP,A1,MOT,ZFPC,14822,"93",3
RGPZ-384MW-0E,RGP,A1,SFT,SCFR,28800,"70",5
RGPZ-384MW-0E,RGP,A1,CVC,CQSTH,195120,"66",5
RGPZ-384MW-1D,RGP,A1,MOT,ZFPC,54754,"1",3
RGPZ-388ML-0E,RGP,A1,INT,ZINT2,12893,"135",2
RGPZ-388ML-0E,RGP,A1,BLK,ZBLK,23150,"133",2
RGPZ-388ML-0E,RGP,A1,MOT,ZFPC,516365,"122",3
RGPZ-388ML-0E,RGP,A1,FIN,AVIBM,67704,"117",3
RGPZ-388ML-0E,RGP,A1,FIN,FINA,157416,"115",3
RGPZ-388ML-0E,RGP,A1,FIN,FOST2,135072,"112",4
RGPZ-388ML-0E,RGP,A1,FIN,FCLN2,67536,"111",4
RGPZ-388ML-0E,RGP,A1,FIN,FSTB,154728,"103",5
RGPZ-388ML-0E,RGP,A1,SFT,SCFR,45024,"97",6
RGPZ-388ML-0E,RGP,A1,CVC,CQSTH,382200,"93",6
RGPZ-388ML-0E,RGP,A1,SFT,SPDS,133224,"88",7
RGPZ-388ML-0E,RGP,A1,CVC,CINP+,131880,"85",7
RGPZ-388ML-0E,RGP,A1,CFM,RCSC4+,45024,"76",9
RGPZ-388ML-0E,RGP,A1,CFM,RXLT+,66528,"48",16
RGPZ-388ML-0E,RGP,A1,CFM,RXLT+,22512,"48",16
RGPZ-388ML-0E,RGP,A1,CVC,CR2D,45024,"22",21
RGPZ-388ML-1E,RGP,A1,MOT,ZFPC,72617,"1",3
RGPZ-388ML-2E,RGP,A1,MOT,ZFPC,3614,"119",3
RGPZ-389ML-0E,RGP,A1,MOT,ZFPC,150965,"122",3
RGPZ-389ML-1E,RGP,A1,INT,ZINT2,1487,"14",2
RGPZ-389ML-1E,RGP,A1,MOT,ZPRN1,20166,"4",3
RGPZ-389ML-1E,RGP,A1,MOT,ZBAK1,17205,"2",3
RGPZ-389ML-1E,RGP,A1,MOT,ZFPC,38243,"1",3
RGPZ-392MW-0B,RGP,A1,MOT,ZFPC,8921,"76",5
RGPZ-394ML-0D,RGP,A1,OTH,ZPDS,4904,"153",1
RGPZ-394ML-0D,RGP,A1,INT,ZINT2,3055,"151",1
RGPZ-394ML-0D,RGP,A1,INT,ZINT1,79749,"147",2
RGPZ-394ML-0D,RGP,A1,MOT,ZFPC,44405,"138",3
RGPZ-394ML-0D,RGP,A1,FIN,FINA,40896,"132",3
RGPZ-394ML-0D,RGP,A1,FIN,FQCR,40896,"124",4
RGPZ-394ML-0D,RGP,A1,FIN,FSCAN,40896,"118",5
RGPZ-394ML-0D,RGP,A1,FIN,FLAB,40896,"117",5
RGPZ-394ML-0D,RGP,A1,SFT,SPDS,81792,"111",6
RGPZ-394ML-0D,RGP,A1,CFM,R2D,81792,"99",8
RGPZ-394ML-0D,RGP,A1,CVC,RCCW,81792,"94",8
RGPZ-394ML-0D,RGP,A1,CVC,RCLL,163584,"91",9
RGPZ-394ML-0D,RGP,A1,PTH,RPOST,163584,"89",10
RGPZ-394ML-0D,RGP,A1,CFM,KRHOLD2#,163584,"81",12
RGPZ-394ML-0D,RGP,A1,CFM,RMCH3#,161568,"75",14
RGPZ-394ML-0D,RGP,A1,PTH,RPTH_H+,81792,"71",14
RGPZ-394ML-0D,RGP,A1,CFM,RDFL3+,152352,"64",15
RGPZ-394ML-0D,RGP,A1,PTH,RLASC+,155520,"54",17
RGPZ-394ML-0D,RGP,A1,CFM,KRHOLD-,163584,"26",23
RGPZ-394ML-0DL3,RGP,A1,CVC,RADL,163584,"3",1
RGPZ-394ML-0E,RGP,A1,CFM,RMCH2-,39744,"44",19
RGPZ-394ML-0E,RGP,A1,CFM,KRHOLD-,81504,"26",23
RGPZ-394ML-0E,RGP,A1,CFM,RXD-,81792,"25",24
RGPZ-394ML-0EL3,RGP,A1,CVC,RADL,163584,"3",1
RGPZ-395ML-0D,RGP,A1,OTH,ZPDS,3531,"146",2
RGPZ-395ML-0D,RGP,A1,INT,ZINT1,66320,"140",2
RGPZ-395ML-0D,RGP,A1,FIN,FOST2,36432,"122",4
RGPZ-395ML-0D,RGP,A1,FIN,FBAK,72864,"118",4
RGPZ-395ML-0D,RGP,A1,FIN,FPIC,36432,"115",5
RGPZ-395ML-0D,RGP,A1,FIN,FLAU,26136,"113",5
RGPZ-395ML-0D,RGP,A1,CVC,SMP,291456,"110",5
RGPZ-395ML-0D,RGP,A1,SFT,SPDS,72864,"106",6
RGPZ-395ML-0D,RGP,A1,CVC,CINP+,70752,"103",6
RGPZ-395ML-0D,RGP,A1,CFM,RAOIVT2+,122496,"84",10
RGPZ-395ML-0D,RGP,A1,CFM,RSTRP2+,61512,"70",14
RGPZ-395ML-0D,RGP,A1,PTH,RTHI2+,72864,"68",14
RGPZ-395ML-0D,RGP,A1,PTH,RPDS+,72072,"55",16
RGPZ-395ML-0D,RGP,A1,PTH,RLASC+,364320,"51",17
RGPZ-395ML-0D,RGP,A1,CFM,RDES2,145728,"48",17
RGPZ-395ML-0D,RGP,A1,CFM,RMCH2-,145728,"44",18
RGPZ-395ML-0D,RGP,A1,PTH,RSL+,70224,"43",19
RGPZ-395ML-0E,RGP,A1,CFM,RMCH2-,35376,"44",19
RGPZ-395ML-0E,RGP,A1,CFM,RMCH-,145728,"22",25
RGPZ-395ML-0E,RGP,A1,PTH,RDPPI,145728,"11",26
RGPZ-395ML-0EL1,RGP,A1,CVC,RADL,145728,"3",1
RGPZ-395ML-0EL1,RGP,A1,CFM,CFL,72864,"2",1
RGPZ-395ML-0EL1,RGP,A1,CFM,KROL,72864,"1",1
RGPZ-398ML-0E,RGP,N1,MOT,ZSTORE2,678301,"140",3
RGPZ-398ML-0E,RGP,A1,FIN,FIN,17520,"132",4
RGPZ-398ML-0E,RGP,A1,FIN,FINA,43680,"131",4
RGPZ-398ML-0E,RGP,A1,FIN,FCLN2,6000,"128",4
RGPZ-398ML-0E,RGP,A1,FIN,FSCAN,43680,"125",5
RGPZ-398ML-0E,RGP,A1,SFT,SPDS,131040,"112",7
RGPZ-403ML-0C,RGP,N1,MOT,ZPRN1,33395,"142",3
RGPZ-403ML-0C,RGP,N1,MOT,ZBAK1,122051,"141",3
RGPZ-403ML-0C,RGP,N1,MOT,ZSTORE2,428526,"140",3
RGPZ-403ML-0C,RGP,N1,QA,ZIQI,69192,"139",3
RGPZ-403ML-0C,RGP,A1,FIN,FIN,34048,"132",4
RGPZ-403ML-0C,RGP,A1,FIN,FPINA,34048,"130",4
RGPZ-403ML-0C,RGP,A1,FIN,FQCR,68096,"121",6
RGPZ-403ML-0C,RGP,A1,FIN,FSTB,812224,"120",6
RGPZ-403ML-0C,RGP,A1,FIN,FPIC,204288,"119",6
RGPZ-403ML-0C,RGP,A1,CVC,SMPJ,68096,"116",6
RGPZ-403ML-0C,RGP,A1,SFT,ELGOP,68096,"114",6
RGPZ-403ML-0C,RGP,A1,CFM,LSE,68096,"107",8
RGPZ-403ML-0C,RGP,A1,CFM,LSPB,34048,"105",8
RGPZ-403ML-0C,RGP,A1,CFM,LSP,34048,"104",8
RGPZ-403ML-1C,RGP,N1,ELT,ZELT1,34319,"14",2
RGPZ-404ML-0E,RGP,A1,INT,ZINT2,17348,"146",2
RGPZ-404ML-0E,RGP,A1,BLK,ZBLK,50858,"144",2
RGPZ-404ML-0E,RGP,A1,INT,ZINT1,134201,"143",2
RGPZ-404ML-0E,RGP,A1,MOT,ZBAK1,55619,"134",3
RGPZ-404ML-0E,RGP,A1,FIN,FIN,16512,"127",4
RGPZ-404ML-0E,RGP,A1,FIN,FINA,28608,"126",4
RGPZ-404ML-0E,RGP,A1,FIN,FPINA,28800,"125",4
RGPZ-404ML-0E,RGP,A1,FIN,FOST,28800,"121",4
RGPZ-404ML-0E,RGP,A1,FIN,FLAS,28800,"118",5
RGPZ-404ML-0E,RGP,A1,CVC,SMPJ,28800,"109",6
RGPZ-404ML-0E,RGP,A1,SFT,SCFR,28800,"108",6
RGPZ-404ML-0E,RGP,A1,SFT,ELGOP,28416,"101",7
RGPZ-404ML-0E,RGP,A1,SFT,SPDS,57216,"99",7
RGPZ-404ML-0E,RGP,A1,CFM,RBMP2+,28224,"94",8
RGPZ-404ML-0E,RGP,A1,CFM,RLSD,28800,"92",8
RGPZ-404ML-0E,RGP,A1,CFM,RLSP,57600,"89",9
RGPZ-404ML-0E,RGP,A1,CFM,R2D,57600,"87",9
RGPZ-404ML-0E,RGP,A1,CFM,RLSB,28800,"84",9
RGPZ-404ML-0E,RGP,A1,CVC,RCCW,21888,"82",9
RGPZ-404ML-0E,RGP,A1,CVC,RCLL2,28800,"80",11
RGPZ-404ML-0E,RGP,A1,CFM,RCSC2+,86208,"78",12
RGPZ-404ML-0E,RGP,A1,SFT,PKR,56832,"76",12
RGPZ-404ML-0E,RGP,A1,FIN,FPIC,28800,"75",13
RGPZ-404ML-0E,RGP,A1,CFM,CUTA2-,57600,"74",13
RGPZ-404ML-0E,RGP,A1,CFM,RDES2-,57600,"66",14
RGPZ-404ML-0E,RGP,A1,CFM,KRHOLD2-,144000,"65",15
RGPZ-404ML-0E,RGP,A1,CFM,RXD2-,143424,"64",16
RGPZ-404ML-0E,RGP,A1,CFM,KR2D4-,19200,"63",16
RGPZ-404ML-0E,RGP,A1,CFM,RDFLV-,71616,"62",16
RGPZ-404ML-0E,RGP,A1,CFM,RSTRP+,28800,"60",16
RGPZ-404ML-0E,RGP,A1,PTH,RTHI+,9984,"58",17
RGPZ-404ML-0E,RGP,A1,CFM,RDEV+,28800,"55",17
RGPZ-404ML-0E,RGP,A1,CFM,RXLT+,57600,"54",17
RGPZ-404ML-0E,RGP,A1,PTH,REW+,28800,"37",21
RGPZ-404ML-0E,RGP,A1,PTH,PRP2DB,28800,"11",25
RGPZ-409ML-0E,RGP,A1,INT,ZINT2,21564,"148",2
RGPZ-409ML-0E,RGP,A1,INT,ZINT1,39535,"141",2
RGPZ-409ML-0E,RGP,A1,MOT,ZFPC,588442,"132",3
RGPZ-409ML-0E,RGP,A1,FIN,FIN,40448,"127",3
RGPZ-409ML-0E,RGP,A1,FIN,FOST2,80896,"123",4
RGPZ-409ML-0E,RGP,A1,FIN,FQCR,40448,"118",4
RGPZ-409ML-0E,RGP,A1,FIN,FLAU,79104,"114",5
RGPZ-409ML-0E,RGP,A1,SFT,SPDS,80896,"107",6
RGPZ-409ML-0F,RGP,A1,PTH,RDPPI,40448,"11",26
RGPZ-409ML-0FL1,RGP,A1,CVC,RADL,40448,"3",1
RGPZ-412MW-0A,RGP,A1,MOT,ZFPC,260,"86",3
RGPZ-412MW-0B,RGP,A1,CVC,RCCW,2844,"44",9
RGPZ-412MW-0B,RGP,A1,PTH,RPOST,2844,"39",12
RGPZ-414MW-0A,RGP,A1,MOT,ZFPC,22453,"83",5
RGPZ-414MW-0A,RGP,A1,MOT,ZFPC,6296,"82",5
RGPZ-414MW-0B,RGP,A1,LAM,ZAAD1,943,"111",3
RGPZ-414MW-0B,RGP,A1,MOT,ZFPC,9843,"85",5
RGPZ-414MW-0B,RGP,A1,MOT,ZFPC,30540,"85",6
RGPZ-414MW-0B,RGP,A1,MOT,ZFPC,4817,"85",5
RGPZ-414MW-0C,RGP,A1,BLK,ZBLK,672,"117",2
RGPZ-414MW-0C,RGP,A1,OTH,ZFLD1,1552,"116",2
RGPZ-414MW-0C,RGP,A1,BLK,ZBLK,619,"115",2
RGPZ-414MW-0C,RGP,A1,LAM,ZAAD1,1777,"111",2
RGPZ-414MW-0C,RGP,A1,OTH,ZCOA2,419,"107",2
RGPZ-414MW-0C,RGP,A1,INT,ZINT3,149,"106",3
RGPZ-414MW-0C,RGP,A1,OTH,ZCBA1,143,"105",3
RGPZ-414MW-0C,RGP,A1,OTH,ZCOA1,327,"104",3
RGPZ-414MW-0C,RGP,A1,INT,ZINT2,2653,"102",3
RGPZ-414MW-0C,RGP,A1,INT,ZINT1,620,"94",4
RGPZ-414MW-0C,RGP,A1,MOT,ZFPC,3496,"85",6
RGPZ-414MW-0C,RGP,A1,MOT,ZFPC,9150,"85",5
RGPZ-414MW-0C,RGP,A1,FIN,FOST,51072,"75",5
RGPZ-414MW-2A,RGP,A1,INT,ZINT2,504,"18",4
RGPZ-414MW-2B,RGP,A1,OTH,ZFLD1,1207,"34",2
RGPZ-414MW-2B,RGP,A1,MOT,ZPRN2,2179,"12",4
RGPZ-419ML-4B,RGP,N1,MOT,ZSTORE2,10745,"29",4
RGPZ-419ML-5B,RGP,N1,INT,ZINT8,186,"37",2
RGPZ-419ML-5B,RGP,N1,MOT,ZBAK1,1926,"5",5
RGPZ-419ML-6B,RGP,N1,INT,ZINT8,2163,"37",2
RGPZ-419ML-6B,RGP,N1,MOT,ZBAK1,1339,"5",5
RGPZ-419ML-7B,RGP,N1,INT,ZINT8,90,"37",2
RGPZ-419ML-9B,RGP,N1,QA,ZQA,138,"40",1
RGPZ-423ML-0C,RGP,A1,CVC,RCCW,11200,"89",8
RGPZ-423ML-0D,RGP,A1,MOT,ZFPC,132962,"134",3
RGPZ-423ML-0D,RGP,A1,FIN,FIN,67200,"129",3
RGPZ-423ML-0D,RGP,A1,FIN,FSTB,33600,"119",5
RGPZ-423ML-0D,RGP,A1,FIN,FLAB,33600,"115",5
RGPZ-423ML-0D,RGP,A1,CVC,SMP,302400,"114",5
RGPZ-429ML-0C,RGP,A1,MOT,ZFPC,113737,"133",3
RGPZ-429ML-0C,RGP,A1,FIN,FIN,23680,"128",3
RGPZ-429ML-0C,RGP,A1,CVC,SMP,102400,"111",5
RGPZ-429ML-0C,RGP,A1,CVC,RCCW,25280,"82",8
RGPZ-429ML-0C,RGP,A1,PTH,RDPPB+,101440,"47",18
RGPZ-429ML-0C,RGP,A1,PTH,RLAS+,153280,"39",19
RGPZ-429ML-0C,RGP,A1,PTH,REW+,255360,"37",20
RGPZ-429ML-1C,RGP,A1,INT,ZINT1,23013,"10",2
RGPZ-435MW-0B,RGP,N1,MOT,ZSTORE2,20,"100",4
RGPZ-435MW-0B,RGP,N1,MOT,ZSTORE2,2114,"99",4
RGPZ-435MW-0B,RGP,N1,MOT,ZSTORE2,463,"99",4
RGPZ-435MW-0B,RGP,A1,CFM,RAOIPI2+,3504,"38",15
RGPZ-435MW-2B,RGP,N1,QA,ZQAE,2844,"32",1
RGPZ-435MW-2B,RGP,N1,BLK,ZBLK,1026,"21",2
RGPZ-435MW-2B,RGP,N1,BLK,ZPIC2,1259,"12",3
RGPZ-435MW-4B,RGP,N1,QA,ZQAE,266,"32",1
RGPZ-435MW-4B,RGP,N1,QA,ZQAE,53,"32",1
RGPZ-435MW-4B,RGP,N1,QA,ZQAE,2460,"32",1
RGPZ-435MW-4B,RGP,N1,ELT,ZELT1,2022,"30",1
RGPZ-435MW-4B,RGP,N1,OTH,ZPDS,2409,"13",3
RGPZ-435MW-5B,RGP,N1,QA,ZQAE,39,"32",1
RGPZ-435MW-5B,RGP,N1,QA,ZQAE,637,"32",1
RGPZ-435MW-5B,RGP,N1,ELT,ZELT1,443,"30",1
RGPZ-437ML-0C,RGP,A1,INT,ZINT1,15694,"130",2
RGPZ-437ML-0C,RGP,A1,MOT,ZFPC,50759,"121",3
RGPZ-437ML-0C,RGP,A1,FIN,FLAS,28416,"107",4
RGPZ-437ML-0C,RGP,A1,FIN,FPIC,27456,"101",5
RGPZ-437ML-0C,RGP,A1,CVC,SMPJ,28032,"98",6
RGPZ-437ML-0C,RGP,A1,PTH,RPOST,28416,"65",11
RGPZ-437ML-0E,RGP,A1,INT,ZINT1,7006,"133",2
RGPZ-437ML-0E,RGP,A1,MOT,ZFPC,20477,"123",3
RGPZ-437ML-0E,RGP,A1,MOT,ZFPC,9886,"123",3
RGPZ-437ML-0E,RGP,A1,CFM,RDEV+,56832,"49",14
RGPZ-437ML-0E,RGP,A1,CFM,RXLT+,28416,"48",15
RGPZ-437ML-0E,RGP,A1,CFM,RDFL3+,28416,"46",15
RGPZ-437ML-0E,RGP,A1,PTH,RDPPI2+,28416,"44",15
RGPZ-437ML-0E,RGP,A1,PTH,RDPPI+,28416,"43",16
RGPZ-437ML-0E,RGP,A1,PTH,RDPP,85248,"41",16
RGPZ-437ML-0E,RGP,A1,PTH,RPDS+,28416,"39",16
RGPZ-437ML-0E,RGP,A1,PTH,RLAS+,28416,"35",17
RGPZ-437ML-0E,RGP,A1,PTH,RLASC+,28416,"34",17
RGPZ-437ML-0E,RGP,A1,CVC,CREW,56832,"15",22
RGPZ-437ML-0E,RGP,A1,CFM,RXD+,113664,"4",26
RGPZ-437ML-1E,RGP,A1,INT,ZINT2,3208,"14",2
RGPZ-437ML-3C,RGP,A1,QA,ZQA,747,"140",1
RGPZ-437ML-3C,RGP,A1,OTH,ZPDS,927,"135",1
RGPZ-437ML-3C,RGP,A1,INT,ZINT2,192,"134",1
RGPZ-437ML-3C,RGP,A1,BLK,ZBLK,9019,"132",2
RGPZ-437ML-3C,RGP,A1,MOT,ZPRN1,384,"124",3
RGPZ-437ML-3C,RGP,A1,MOT,ZBAK1,384,"122",3
RGPZ-437ML-3C,RGP,A1,MOT,ZFPC,4098,"121",3
RGPZ-437ML-3D,RGP,A1,MOT,ZFPC,22556,"123",3
RGPZ-437ML-3E,RGP,A1,MOT,ZFPC,1685,"123",3
RGPZ-437ML-5D,RGP,A1,MOT,ZFPC,420,"123",3
RGPZ-437ML-6C,RGP,A1,MOT,ZFPC,1179,"121",3
RGPZ-437ML-7C,RGP,A1,MOT,ZFPC,288,"121",3
RGPZ-439ML-2A,RGP,N1,MOT,ZSTORE2,1004,"154",5
RGPZ-441ML-0B,RGP,A1,MOT,ZFPC,3505,"147",4
RGPZ-441ML-0B,RGP,A1,MOT,ZFPC,695,"147",4
RGPZ-441ML-0B,RGP,A1,MOT,ZFPC,7630,"146",4
RGPZ-441ML-0C,RGP,A1,MOT,ZPRN1,550,"152",4
RGPZ-441ML-0C,RGP,A1,MOT,ZBAK1,955,"151",4
RGPZ-441ML-0C,RGP,A1,MOT,ZFPC,6787,"150",4
RGPZ-441ML-0C,RGP,A1,MOT,ZFPC,3000,"150",4
RGPZ-441ML-0CL1,RGP,A1,CVC,RADL,19584,"3",1
RGPZ-441ML-0D,RGP,A1,OTH,ZPDS,1952,"175",2
RGPZ-441ML-0D,RGP,A1,INT,ZINT3,628,"174",2
RGPZ-441ML-0D,RGP,A1,MOT,ZFPC,696,"153",4
RGPZ-441ML-0D,RGP,A1,CFM,RLSE,19584,"96",11
RGPZ-441ML-0D,RGP,A1,PTH,RPOST,76176,"81",14
RGPZ-441ML-0D,RGP,A1,CFM,RAOIVT3+,26496,"80",14
RGPZ-441ML-0D,RGP,A1,CFM,RAOIPI3+,13248,"78",15
RGPZ-441ML-0D,RGP,A1,CFM,KRHOLD2,24480,"74",15
RGPZ-441ML-0D,RGP,A1,CFM,RDFLV2+,32832,"71",16
RGPZ-441ML-0D,RGP,A1,PTH,RDPP2,9792,"57",18
RGPZ-441ML-0D,RGP,A1,CVC,CR2D,5328,"40",22
RGPZ-441ML-0D,RGP,A1,CFM,KRHOLD+,39168,"25",25
RGPZ-441ML-0D,RGP,A1,CFM,RDFLV+,87408,"22",28
RGPZ-441ML-0D,RGP,A1,CFM,KROL+,8640,"1",31
RGPZ-441ML-0DL1,RGP,A1,CVC,RADL,43200,"3",1
RGPZ-441ML-0DL1,RGP,A1,CFM,KROL,8640,"1",1
RGPZ-441ML-1D,RGP,A1,OTH,ZPDS,1801,"23",2
RGPZ-441ML-1D,RGP,A1,INT,ZINT3,297,"22",2
RGPZ-441ML-2B,RGP,A1,MOT,ZFPC,4137,"146",4
RGPZ-441ML-4C,RGP,A1,BLK,ZBLK,6005,"169",2
RGPZ-441ML-4C,RGP,A1,INT,ZINT2,3244,"168",2
RGPZ-441ML-4C,RGP,A1,MOT,ZPRN1,1440,"152",4
RGPZ-441ML-4C,RGP,A1,MOT,ZFPC,34848,"150",4
RGPZ-441ML-4C,RGP,A1,FIN,FINA,39168,"144",5
RGPZ-441ML-4C,RGP,A1,FIN,FSTH,19584,"127",7
RGPZ-441ML-4C,RGP,A1,FIN,FPIC,19584,"126",7
RGPZ-441ML-4C,RGP,A1,FIN,FLAB,19152,"123",8
RGPZ-441ML-5C,RGP,A1,MOT,ZFPC,3034,"1",3
RGPZ-442ML-0A,RGP,A1,MOT,ZFPC,2339,"152",5
RGPZ-442ML-0A,RGP,A1,MOT,ZFPC,19259,"152",4
RGPZ-443ML-0A,RGP,A1,CFM,RLSB,22008,"67",9
RGPZ-443ML-0B,RGP,A1,MOT,ZFPC,27559,"127",3
RGPZ-443ML-0C,RGP,A1,MOT,ZFPC,46829,"126",3
RGPZ-443ML-0E,RGP,A1,MOT,ZBAK1,3378,"129",3
RGPZ-443ML-0E,RGP,A1,MOT,ZFPC,3011,"128",3
RGPZ-443ML-0E,RGP,A1,CFM,RDFLV+,24660,"55",14
RGPZ-443ML-0E,RGP,A1,PTH,RPTH_H+,51120,"50",15
RGPZ-443ML-0E,RGP,A1,CFM,RDEV+,102240,"49",15
RGPZ-443ML-0E,RGP,A1,CFM,RXLT+,25560,"48",15
RGPZ-443ML-0E,RGP,A1,CFM,RDFL3+,25560,"46",16
RGPZ-443ML-0E,RGP,A1,PTH,RDPPI,25560,"43",17
RGPZ-443ML-0E,RGP,A1,PTH,RPDS+,25560,"39",17
RGPZ-443ML-0E,RGP,A1,PTH,RLAS+,25560,"35",18
RGPZ-443ML-0E,RGP,A1,PTH,RLASC+,25560,"34",18
RGPZ-443ML-1E,RGP,A1,INT,ZINT1,8540,"11",2
RGPZ-443ML-2C,RGP,A1,OTH,ZPDS,180,"141",2
RGPZ-443ML-2C,RGP,A1,BLK,ZBLK,2951,"138",2
RGPZ-443ML-2C,RGP,A1,INT,ZINT1,3888,"137",2
RGPZ-443ML-2C,RGP,A1,MOT,ZPRN1,180,"130",3
RGPZ-443ML-2C,RGP,A1,MOT,ZFPC,14146,"127",3
RGPZ-443ML-2D,RGP,A1,MOT,ZFPC,27741,"128",3
RGPZ-443ML-2D,RGP,A1,CFM,RLSB2,25560,"82",8
RGPZ-443ML-2D,RGP,A1,CFM,RLSD,74340,"81",9
RGPZ-443ML-2D,RGP,A1,CFM,RCSC4+,21240,"78",9
RGPZ-443ML-2D,RGP,A1,CFM,R2D,25560,"75",9
RGPZ-443ML-2D,RGP,A1,CFM,RAOIVT3+,76680,"64",12
RGPZ-443ML-2D,RGP,A1,CFM,RAOIPI4+,25560,"62",13
RGPZ-443ML-2E,RGP,A1,INT,ZINT1,1206,"138",2
RGPZ-443ML-4B,RGP,A1,MOT,ZFPC,6376,"126",3
RGPZ-445ML-0B,RGP,A1,MOT,ZPRN1,1168,"133",3
RGPZ-445ML-0B,RGP,A1,MOT,ZFPC,4315,"130",3
RGPZ-445ML-0C,RGP,A1,OTH,ZPDS,240,"144",2
RGPZ-445ML-0C,RGP,A1,INT,ZINT2,543,"143",2
RGPZ-445ML-0C,RGP,A1,BLK,ZBLK,240,"141",2
RGPZ-445ML-0C,RGP,A1,BLK,ZBLK,10709,"141",2
RGPZ-445ML-0C,RGP,A1,INT,ZINT1,4042,"140",2
RGPZ-445ML-0C,RGP,A1,MOT,ZPRN1,480,"133",3
RGPZ-445ML-0C,RGP,A1,FIN,FPIC,19440,"114",5
RGPZ-445ML-0C,RGP,A1,CVC,SMP,20640,"108",5
RGPZ-445ML-0C,RGP,A1,CFM,RAOIPI3+,20640,"80",11
RGPZ-445ML-0D,RGP,A1,FIN,FCLN,21360,"123",4
RGPZ-445ML-0D,RGP,A1,CFM,LRPHP#,21360,"99",6
RGPZ-445ML-0D,RGP,A1,CFM,KREW,21360,"89",8
RGPZ-445ML-0D,RGP,A1,CFM,RXLV,40320,"45",17
RGPZ-445ML-0D,RGP,A1,CFM,RDFL2-,21360,"43",17
RGPZ-445ML-0D,RGP,A1,PTH,RWD,42720,"8",26
RGPZ-445ML-0D,RGP,A1,PTH,PRP2DB,42720,"6",26
RGPZ-445ML-0D,RGP,A1,PTH,RLAS+,170880,"2",27
RGPZ-445ML-0DL1,RGP,A1,CVC,RADL,90240,"3",1
RGPZ-445ML-1D,RGP,A1,INT,ZINT2,3083,"14",2
RGPZ-445ML-1D,RGP,A1,BLK,ZBLK,2579,"12",2
RGPZ-448ML-0C,RGP,A1,BLK,ZBLK,1391,"173",2
RGPZ-448ML-0C,RGP,A1,INT,ZINT2,2270,"172",2
RGPZ-448ML-0C,RGP,A1,MOT,ZPRN1,1038,"156",4
RGPZ-448ML-0C,RGP,A1,MOT,ZFPC,17753,"153",4
RGPZ-448ML-0C,RGP,A1,MOT,ZFPC,460,"153",4
RGPZ-448ML-0C,RGP,A1,FIN,FIN,14688,"148",4
RGPZ-448ML-0C,RGP,A1,CFM,RCSC3+,14688,"95",11
RGPZ-448ML-0C,RGP,A1,PTH,RPOST,14256,"82",14
RGPZ-448ML-0C,RGP,A1,CFM,RAOIVT3+,72468,"81",14
RGPZ-448ML-0C,RGP,A1,CFM,RAOIPI3+,14688,"79",15
RGPZ-448ML-0C,RGP,A1,CFM,RDFL3+,14688,"62",18
RGPZ-448ML-0D,RGP,A1,MOT,ZBAK1,12235,"154",4
RGPZ-448ML-0D,RGP,A1,MOT,ZFPC,19452,"153",4
RGPZ-448ML-0D,RGP,A1,QA,QA-Z,14148,"150",4
RGPZ-448ML-0D,RGP,A1,CFM,LRPHP#,28620,"107",9
RGPZ-448ML-0D,RGP,A1,CFM,R2D2,29376,"99",10
RGPZ-448ML-0D,RGP,A1,CFM,RLSE,44064,"96",11
RGPZ-448ML-0D,RGP,A1,CFM,RLSP,14688,"95",11
RGPZ-448ML-0D,RGP,A1,CVC,RCLL,29376,"83",13
RGPZ-448ML-1C,RGP,A1,BLK,ZBLK,429,"19",1
RGPZ-448ML-1D,RGP,A1,BLK,ZBLK,11000,"21",2
RGPZ-448ML-1D,RGP,A1,INT,ZINT2,5500,"20",2
RGPZ-448ML-2B,RGP,A1,MOT,ZBAK1,1109,"148",3
RGPZ-448ML-2B,RGP,A1,MOT,ZFPC,532,"147",3
RGPZ-448ML-2D,RGP,A1,CFM,RLSE,14688,"96",11
RGPZ-448ML-3D,RGP,A1,CFM,RXD2+,14364,"73",16
RGPZ-449ML-0A,RGP,N1,MOT,ZSTORE2,2057,"154",5
RGPZ-454ML-0C,RGP,A1,BLK,ZBLK,4344,"143",2
RGPZ-454ML-0C,RGP,A1,INT,ZINT1,5400,"142",2
RGPZ-454ML-0C,RGP,A1,MOT,ZFPC,25928,"132",3
RGPZ-454ML-0C,RGP,A1,CFM,KREW,12720,"89",8
RGPZ-454ML-0C,RGP,A1,CVC,RCCW,6240,"88",8
RGPZ-454ML-0C,RGP,A1,CFM,RCSC2+,33600,"84",10
RGPZ-454ML-0C,RGP,A1,PTH,RSL+,37920,"50",16
RGPZ-454ML-0D,RGP,A1,BLK,ZBLK,2000,"144",2
RGPZ-454ML-0D,RGP,A1,INT,ZINT1,18500,"143",2
RGPZ-454ML-0D,RGP,A1,MOT,ZFPC,21521,"133",3
RGPZ-454ML-0D,RGP,A1,CFM,RLSP,37800,"95",7
RGPZ-454ML-0D,RGP,A1,CVC,CREW5,18960,"87",9
RGPZ-454ML-1D,RGP,A1,MOT,ZFPC,11000,"1",3
RGPZ-460ML-0A,RGP,N1,MOT,ZSTORE2,1432,"155",5
RGPZ-461ML-0A,RGP,A1,PTH,REW5+,8032,"52",16
RGPZ-461ML-0AL1,RGP,A1,CVC,RADL,31488,"3",1
RGPZ-461ML-0AL4,RGP,A1,CVC,RADL,31488,"3",1
RGPZ-461ML-2A,RGP,A1,FIN,FOST3,4672,"140",3
RGPZ-461ML-2A,RGP,A1,CVC,CLLA,4960,"92",9
RGPZ-461ML-2A,RGP,A1,PTH,RHOLD2,4608,"69",14
RGPZ-461ML-2A,RGP,A1,CFM,RCSC+,9984,"32",22
RGPZ-461ML-2A,RGP,A1,PTH,RPOST,4992,"31",22
RGPZ-463ML-0A,RGP,N1,MOT,ZSTORE2,740,"155",5
RGPZ-463ML-0A,RGP,N1,MOT,ZSTORE2,984,"154",5
RGPZ-463ML-4A,RGP,N1,MOT,ZSTORE2,1884,"155",5
RGPZ-463ML-4A,RGP,N1,MOT,ZSTORE2,10162,"155",5
RGPZ-465ML-0A,RGP,N1,MOT,ZSTORE2,1616,"155",5
RGPZ-465ML-1A,RGP,N1,INT,ZINT8,1260,"188",2
RGPZ-465ML-1A,RGP,N1,MOT,ZSTORE2,1534,"156",5
RGPZ-466ML-0A,RGP,A1,MOT,ZFPC,5112,"144",3
RGPZ-466ML-0B,RGP,N1,MOT,ZBAK1,8000,"127",2
RGPZ-466ML-0B,RGP,N1,MOT,ZSTORE2,46389,"126",2
RGPZ-466ML-0C,RGP,A1,CVC,CBAK,24000,"17",23
RGPZ-466ML-0C,RGP,A1,CFM,RDFL+,24000,"3",27
RGPZ-466ML-0C,RGP,A1,CFM,RMME+,24000,"2",27
RGPZ-466ML-0CL1,RGP,A1,CVC,CPIC,48000,"5",1
RGPZ-466ML-2B,RGP,N1,MOT,ZSTORE2,235,"126",2
RGPZ-466ML-3B,RGP,N1,MOT,ZSTORE2,461,"126",2
RGPZ-469ML-0B,RGP,A1,CFM,RXD+,13152,"24",24
RGPZ-469ML-0B,RGP,A1,PTH,RDPPI+,26880,"11",26
RGPZ-469ML-0BL3,RGP,A1,CVC,RADL,40320,"3",1
RGPZ-469ML-1A,RGP,N1,MOT,ZBAK1,4461,"147",3
RGPZ-469ML-1A,RGP,N1,MOT,ZSTORE2,12852,"146",3
RGPZ-470ML-0A,RGP,A1,MOT,ZFPC,4901,"148",3
RGPZ-470ML-0B,RGP,N1,INT,ZINT1,3122,"138",2
RGPZ-470ML-0B,RGP,N1,MOT,ZSTORE2,15210,"133",3
RGPZ-470ML-0B,RGP,N1,MOT,ZBAK1,794,"132",3
RGPZ-470ML-0BL3,RGP,A1,CVC,CADL,10512,"6",1
RGPZ-470ML-0C,RGP,N1,QA,ZIQI,6743,"125",3
RGPZ-470ML-0C,RGP,A1,CFM,KRHOLD2,10512,"64",14
RGPZ-470ML-0C,RGP,A1,CFM,RXD2+,10512,"63",14
RGPZ-470ML-0C,RGP,A1,CFM,KR2D4+,10440,"62",14
RGPZ-470ML-0C,RGP,A1,PTH,RTHI+,10512,"57",15
RGPZ-470ML-1A,RGP,A1,MOT,ZFPC,1432,"142",3
RGPZ-470ML-1B,RGP,N1,MOT,ZSTORE2,3856,"127",2
RGPZ-470ML-1B,RGP,A1,FIN,FLAS,2661,"111",4
RGPZ-472ML-0A,RGP,A1,MOT,ZFPC,4623,"140",3
RGPZ-472ML-1B,RGP,N1,MOT,ZSTORE2,6928,"4",3
RGPZ-481ML-0A,RGP,N1,MOT,ZSTORE2,2207,"156",5
RGPZ-481ML-1A,RGP,N1,MOT,ZSTORE2,128,"156",5
RGPZ-481ML-1A,RGP,N1,MOT,ZSTORE2,12099,"156",5
RGPZ-481ML-1A,RGP,A1,FIN,FOST3,4340,"144",7
RGPZ-484ML-0A,RGP,A1,MOT,ZFPC,36902,"130",3
RGPZ-486ML-0AL1,RGP,A1,CVC,RADL,43200,"3",1
RGPZ-487ML-0A,RGP,A1,MOT,ZFPC,4580,"132",3
RGPZ-490ML-0A,RGP,N1,INT,ZINT1,112,"164",4
RGPZ-490ML-0A,RGP,N1,MOT,ZPRN1,1000,"159",5
RGPZ-490ML-0A,RGP,N1,MOT,ZSTORE2,48538,"157",5
RGPZ-490ML-0A,RGP,N1,QA,ZIQI,21771,"156",5
RGPZ-490ML-0A,RGP,A1,QA,QA-Z,4340,"151",6
RGPZ-490ML-0A,RGP,A1,FIN,FIN,21644,"148",6
RGPZ-490ML-0A,RGP,A1,FIN,FINA,12600,"147",6
RGPZ-490ML-0A,RGP,A1,FIN,FOST3,47656,"145",7
RGPZ-490ML-0A,RGP,A1,FIN,FOST3,4312,"145",7
RGPZ-490ML-0A,RGP,A1,FIN,FSTB,5376,"137",8
RGPZ-490ML-0A,RGP,A1,PTH,POST,4172,"92",14
RGPZ-490ML-0A,RGP,A1,CFM,AOIVT,4368,"91",14
RGPZ-490ML-0A,RGP,A1,CFM,RAOIVT+,3360,"31",26
RGPZ-490ML-0A,RGP,A1,CFM,KRHOLD#,5488,"24",27
RGPZ-490ML-0A,RGP,A1,CFM,RDFLV#,2184,"21",29
RGPZ-490ML-0A,RGP,A1,CFM,RMCH#,3304,"20",29
RGPZ-490ML-0A,RGP,A1,PTH,RLAS+,17472,"4",32
RGPZ-490ML-0A,RGP,A1,PTH,PRMCH+,4368,"3",32
RGPZ-490ML-0A,RGP,A1,CFM,KROL+,4256,"1",32
RGPZ-490ML-0AL1,RGP,A1,CVC,CPIC,12432,"5",1
RGPZ-490ML-0AL1,RGP,A1,CVC,CCUT/,8288,"3",1
RGPZ-490ML-0AL4,RGP,A1,CVC,CPIC,8288,"6",1
RGPZ-490ML-0AL4,RGP,A1,CVC,RADL,16576,"3",1
RGPZ-490ML-11A,RGP,N1,INT,ZINT8,576,"37",2
RGPZ-490ML-11A,RGP,N1,INT,ZINT5,2422,"25",3
RGPZ-490ML-11A,RGP,N1,INT,ZINT4,2289,"23",3
RGPZ-490ML-6A,RGP,N1,INT,ZINT5,587,"25",3
RGPZ-490ML-6A,RGP,N1,INT,ZINT4,3001,"23",3
RGPZ-490ML-7A,RGP,N1,MOT,ZPRN2,1265,"12",4
RGPZ-492ML-0A,RGP,A1,CVC,CLLA,3564,"92",13
RGPZ-492ML-0A,RGP,A1,CFM,RMCH3#,4032,"71",18
RGPZ-492ML-0A,RGP,A1,CFM,RCSC+,21168,"32",26
RGPZ-492ML-0AL1,RGP,A1,CVC,RADL,23040,"3",1
RGPZ-492ML-0AL4,RGP,A1,CVC,RADL,23040,"3",1
RGPZ-497ML-0A,RGP,A1,BLK,ZBLK,873,"151",2
RGPZ-497ML-0A,RGP,A1,PTH,PTHFL,12160,"49",18
RGPZ-498ML-0A,RGP,A1,INT,ZINT1,3319,"142",3
RGPZ-498ML-0A,RGP,A1,MOT,ZFPC,772,"132",4
RGPZ-498ML-0A,RGP,A1,PTH,PTHFL,16000,"49",18
RGPZ-502MW-0A,RGP,A1,CFM,RCSC+,1280,"33",15
RGPZ-502MW-0A,RGP,A1,CFM,KRHOLD+,1312,"25",16
RGPZ-502MW-0A,RGP,A1,CFM,RXD#,2592,"24",18
RGPZ-502MW-0A,RGP,A1,CFM,RMME+,5248,"21",19
RGPZ-502MW-0A,RGP,A1,PTH,RTHI,2624,"18",19
RGPZ-502MW-0A,RGP,A1,CFM,RDFL,5248,"12",20
RGPZ-502MW-0A,RGP,A1,PTH,RDPP,2624,"9",21
RGPZ-502MW-0A,RGP,A1,PTH,RPDS+,2624,"7",21
RGPZ-502MW-0A,RGP,A1,PTH,RLAS,2624,"2",22
RGPZ-502MW-0A,RGP,A1,PTH,PROL,5248,"1",22
RGPZ-502MW-1A,RGP,A1,CFM,RCSC+,1280,"33",15
RGPZ-502MW-1A,RGP,A1,CFM,RXD#,1280,"24",18
RGPZ-502MW-1A,RGP,A1,CFM,RDFLV#,1312,"22",19
RGPZ-503MW-0A,RGP,A1,CFM,RCSC2+,1152,"41",12
RGPZ-503MW-0A,RGP,A1,CFM,R2D,1120,"40",12
RGPZ-503MW-0A,RGP,A1,CFM,KREW,1152,"38",13
RGPZ-503MW-0A,RGP,A1,CFM,RAOIVT+,1152,"31",15
RGPZ-503MW-0A,RGP,A1,CFM,KRHOLD+,1152,"25",16
RGPZ-503MW-0A,RGP,A1,CFM,RDFLV#,5760,"22",19
RGPZ-503MW-0A,RGP,A1,CFM,RMME+,9216,"21",19
RGPZ-503MW-0A,RGP,A1,CFM,RDFL,4608,"12",20
RGPZ-503MW-0A,RGP,A1,PTH,RDPPI,2304,"11",21
RGPZ-503MW-0A,RGP,A1,PTH,REW2+,2304,"8",21
RGPZ-503MW-0A,RGP,A1,PTH,REW+,2304,"6",21
RGPZ-503MW-1A,RGP,A1,CFM,R2D,1152,"40",12
RGPZ-503MW-1A,RGP,A1,CVC,RCCW,1152,"37",13
RGPZ-503MW-1A,RGP,A1,CFM,RAOIPI+,1152,"29",16
RGPZ-503MW-1A,RGP,A1,PTH,RLAS,1152,"2",22
RGPZ-503MW-1A,RGP,A1,PTH,PROL,3456,"1",22
